orderId,poCount,totalValueUSD,poNumbers,mainOrderId
1459,18,181813.49,PO-1005-C6013-1; PO-1005-C6013-2; PO-1005-C6013-3; PO-1005-C6013-4; PO-1005-C6013-5; PO-1005-C6013-6; PO-1005-C6013-7; PO-1005-C6013-8; PO-1005-C6013-9; PO-1005-C6013-10; PO-1005-C6013-11; PO-1005-C6013-12; PO-1005-C6013-13; PO-1005-C6013-14; PO-1005-C6013-16; PO-1005-C6013-17; PO-1005-C6013-18; PO-1005-C6013-19,1005
6553,5,38163.3,RFPO-5193-E6801-1; RFPO-5193-E6801-2; RFPO-5193-E6801-3; RFPO-5193-E6801-4; RFPO-5193-E6801-5,5193
5615,5,628278.82,RFPO-4814-M4105-1; RFPO-4814-M4105-2; RFPO-4814-M4105-3; RFPO-4814-M4105-4; RFPO-4814-M4105-5,4814
245,5,99415.48,PO-813-454-2; PO-813-454-3; PO-813-454-4; PO-813-454-5; PO-813-454-6,0
7423,4,1138767.0,RFPO-6705-M4101-1; RFPO-6705-M4101-2; RFPO-6705-M4101-3; RFPO-6705-M4101-4,6705
6968,4,7761.6,RFPO-1005-E7091-1; RFPO-1005-E7091-2; RFPO-1005-E7091-3; RFPO-1005-E7091-4,1005
5461,4,8059.81,RFPO-3742-V4261-1; RFPO-3742-V4261-2; RFPO-3742-V4261-3; RFPO-3742-V4261-4,3742
3988,4,19532.34,PO-1005-E7011-2; PO-1005-E7011-3; PO-1005-E7011-4; PO-1005-E7011-5,1005
3759,4,137490.0,PO-1005-E7005-1; PO-1005-E7005-2; PO-1005-E7005-3; PO-1005-E7005-4,1005
2773,4,8573.91,PO-1005-S9043-1; PO-1005-S9043-2; PO-1005-S9043-3; PO-1005-S9043-4,1005
2045,4,14502.75,PO-1094-S9089-1; PO-1094-S9089-2; PO-1094-S9089-3; PO-1094-S9089-4,1094
2012,4,1640.66,PO-1094-S9090-1; PO-1094-S9090-2; PO-1094-S9090-3; PO-1094-S9090-4,1094
1611,4,41090.0,PO-1005-V6971-1; PO-1005-V6971-2; PO-1005-V6971-3; PO-1005-V6971-4,1005
1427,4,60869.3,PO-1192-C6000-1; PO-1192-C6000-2; PO-1192-C6000-3; PO-1192-C6000-4,1192
1247,4,39419.17,PO-1005-A5306-1; PO-1005-A5306-2; PO-1005-A5306-3; PO-1005-A5306-4,1005
637,4,214316.0,SPO-814-1078-2; PO-814-1078-3; SPO-637-1078-4; SPO-637-1078-5,0
8053,3,357648.56,RFPO-7139-S9131-1; RFPO-7139-S9131-2; RFPO-7139-S9131-3,7139
8017,3,619744.52,RFPO-7139-S9127-1; RFPO-7139-S9127-2; RFPO-7139-S9127-3,7139
7070,3,814559.43,RFPO-6705-V40005-1; RFPO-6705-V40005-2; RFPO-6705-V40005-3,6705
8227,3,9776.22,RFPO-1569-O103-1; RFPO-1569-O103-2; RFPO-1569-O103-3,1569
7720,3,21378.75,RFPO-1569-V4269-1; RFPO-1569-V4269-2; RFPO-1569-V4269-3,1569
7698,3,89034.72,RFPO-1569-14069-1; RFPO-1569-14069-2; RFPO-1569-14069-3,1569
7262,3,164571.55,RFPO-5532-V40040-1; RFPO-5532-V40040-2; RFPO-5532-V40040-3,5532
7264,3,54850.5,RFPO-5532-V40041-1; RFPO-5532-V40041-2; RFPO-5532-V40041-3,5532
7216,3,265815.52,RFPO-5532-V40039-1; RFPO-5532-V40039-2; RFPO-5532-V40039-3,5532
7115,3,646500.0,RFPO-5532-M4021-1; RFPO-5532-M4021-2; RFPO-5532-M4021-3,5532
6700,3,236500.0,RFPO-1005-V7143-1; RFPO-1005-V7143-2; RFPO-1005-V7143-3,1005
6823,3,629317.53,RFPO-5153-C6054-1; RFPO-5153-C6054-2; RFPO-5153-C6054-3,5153
6397,3,94940.79,RFPO-5193-A5204-1; RFPO-5193-A5204-2; RFPO-5193-A5204-3,5193
6103,3,2918.99,RFPO-1569-O39-1; RFPO-1569-O39-2; RFPO-1569-O39-3,1569
5889,3,23907.42,RFPO-1569-S9074-1; RFPO-1569-S9074-2; RFPO-1569-S9074-3,1569
4428,3,1553786.56,RFPO-3742-V4255-1; RFPO-3742-V4255-2; RFPO-3742-V4255-3,3742
4961,3,292101.36,RFPO-3734-V4257A-1; RFPO-3734-V4257A-2; RFPO-3734-V4257A-3,3734
5072,3,115055.36,RFPO-3734-V4351-1; RFPO-3734-V4351-2; RFPO-3734-V4351-3,3734
4694,3,102450.0,PO-1005-E7030-1; PO-1005-E7030-2; PO-1005-E7030-3,1005
4335,3,64760.0,PO-1005-E7029-1; PO-1005-E7029-2; PO-1005-E7029-3,1005
2693,3,1272.98,RFPO-2394-T1000-1; RFPO-2394-T1000-2; RFPO-2394-T1000-3,2394
1571,3,106739.28,PO-1569-V4251-1; PO-1569-V4251-2; PO-1569-V4251-3,1569
1161,3,268656.72,PO-1005-V6863-1; PO-1005-V6863-2; PO-1005-V6863-3,1005
1121,3,45037.51,PO-1005-M4102-1; PO-1005-M4102-2; PO-1005-M4102-3,1005
977,3,4042.77,PO-315-1534-1; PO-315-1534-2; PO-315-1534-3,0
776,3,5162395.14,RFPO-637-1260-1; RFPO-637-1260-2; RFPO-637-1260-3,637
8492,2,10050.72,RFPO-7139-V40086-1; RFPO-7139-V40086-2,7139
8304,2,2619.16,RFPO-5532-M4050-1; RFPO-5532-M4050-2,5532
8329,2,184338.95,RFPO-6705-V40161-1; RFPO-6705-V40161-2,6705
8371,2,1017.29,RFPO-6705-A5202-1; RFPO-6705-A5202-2,6705
8361,2,38665.76,RFPO-5829-R1512-1; RFPO-5829-R1512-2,5829
8359,2,68088.3,RFPO-7139-V40064-1; RFPO-7139-V40064-2,7139
8321,2,3345.9,RFPO-6705-V4362-1; RFPO-6705-V4362-2,6705
8008,2,67346.21,RFPO-7139-V40036-1; RFPO-7139-V40036-2,7139
8306,2,1414.62,RFPO-6705-V40159-1; RFPO-6705-V40159-2,6705
8223,2,244648.0,RFPO-7616-M4001-1; RFPO-7616-M4001-2,7616
8193,2,29952.34,RFPO-5829-S9105-1; RFPO-5829-S9105-2,5829
8277,2,1559.0,RFPO-5532-M4048-1; RFPO-5532-M4048-2,5532
8274,2,3188.35,RFPO-5532-M4106-1; RFPO-5532-M4106-2,5532
7794,2,3597445.26,RFPO-7039-E6802B-1; RFPO-7039-E6802B-2,7039
8212,2,466418.0,RFPO-6705-V40149-1; RFPO-6705-V40149-2,6705
8027,2,42560.0,RFPO-5503-A5205-1; RFPO-5503-A5205-2,5503
8211,2,6146.41,RFPO-6705-E6836A-1; RFPO-6705-E6836A-2,6705
7713,2,5857.24,RFPO-6705-V40070-1; RFPO-6705-V40070-2,6705
7569,2,245712.32,RFPO-6705-E6804-1; RFPO-6705-E6804-2,6705
8126,2,4897.11,RFPO-6705-V40136-1; RFPO-6705-V40136-2,6705
8161,2,102167.46,RFPO-6705-M4026-1; RFPO-6705-M4026-2,6705
8063,2,9819.98,RFPO-7139-V40040-1; RFPO-7139-V40040-2,7139
8037,2,213400.0,RFPO-7139-S9130-1; RFPO-7139-S9130-2,7139
7674,2,15689.84,RFPO-6705-V40061-1; RFPO-6705-V40061-2,6705
7812,2,37736.42,RFPO-6705-V40086-1; RFPO-6705-V40086-2,6705
7920,2,136866.91,RFPO-6718-V40029-1; RFPO-6718-V40029-2,6718
7921,2,28499.15,RFPO-6718-V40030-1; RFPO-6718-V40030-2,6718
7586,2,9725.1,RFPO-6718-V40019-1; RFPO-6718-V40019-2,6718
7649,2,22088.59,RFPO-7139-V40010A-1; RFPO-7139-V40010A-2,7139
7873,2,7549.0,RFPO-7039-M4101-1; RFPO-7039-M4101-2,7039
7493,2,71427.15,RFPO-6705-V40028-1; RFPO-6705-V40028-2,6705
7928,2,42190.1,RFPO-5532-T1003-1; RFPO-5532-T1003-2,5532
7787,2,283139.14,RFPO-7098-E6802-1; RFPO-7098-E6802-2,7098
7961,2,133438.4,RFPO-7139-V40031-1; RFPO-7139-V40031-3,7139
7875,2,46850.0,RFPO-6705-M4104-1; RFPO-6705-M4104-2,6705
7946,2,11200.0,RFPO-7139-E6811-1; RFPO-7139-E6811-2,7139
7772,2,149811.32,RFPO-6705-V40079-1; RFPO-6705-V40079-2,6705
7889,2,2980.0,RFPO-7039-V40020-1; RFPO-7039-V40020-2,7039
7871,2,2439.89,RFPO-6705-E6814-1; RFPO-6705-E6814-2,6705
7860,2,3647.0,RFPO-6705-M4018-1; RFPO-6705-M4018-2,6705
7728,2,45275.38,RFPO-6705-V40071-1; RFPO-6705-V40071-2,6705
7830,2,134742.78,RFPO-7139-E6805-1; RFPO-7139-E6805-2,7139
7837,2,1605.44,RFPO-7414-P4800-1; RFPO-7414-P4800-2,7414
7823,2,12440.0,RFPO-7139-M4005-1; RFPO-7139-M4005-2,7139
7766,2,41659.52,RFPO-6705-V40076-1; RFPO-6705-V40076-2,6705
7844,2,7298.11,RFPO-7139-V40022-1; RFPO-7139-V40022-2,7139
7758,2,389515.82,RFPO-6705-E6806-1; RFPO-6705-E6806-2,6705
7680,2,18006.72,RFPO-6705-V40063-1; RFPO-6705-V40063-3,6705
7684,2,442.5,RFPO-6705-V40057A-1; RFPO-6705-V40057A-2,6705
7607,2,36727.9,RFPO-6705-V40048-1; RFPO-6705-V40048-2,6705
7594,2,31018.0,RFPO-7139-V4351-1; RFPO-7139-V4351-2,7139
7538,2,2840.0,RFPO-7139-V40002-1; RFPO-7139-V40002-2,7139
7530,2,1732.5,RFPO-5829-S9103-1; RFPO-5829-S9103-2,5829
7496,2,1497.61,RFPO-1569-V4421-1; RFPO-1569-V4421-2,1569
7380,2,18269.0,RFPO-6705-V40021-1; RFPO-6705-V40021-2,6705
7390,2,47412.0,RFPO-5657-V40016-1; RFPO-5657-V40016-2,5657
7392,2,401945.2,RFPO-6705-M4008A-1; RFPO-6705-M4008A-2,6705
7035,2,55320.0,RFPO-6705-E6800-1; RFPO-6705-E6800-2,6705
7401,2,22465.95,RFPO-7204-E6800-1; RFPO-7204-E6800-2,7204
7261,2,558398.0,RFPO-5532-M4024-1; RFPO-5532-M4024-2,5532
7344,2,48633.33,RFPO-6705-V40017-1; RFPO-6705-V40017-2,6705
7141,2,6816.72,RFPO-6746-V40002-1; RFPO-6746-V40002-2,6746
7313,2,11263.0,RFPO-5695-M4103-1; RFPO-5695-M4103-2,5695
7193,2,24630.79,RFPO-6705-V40007-1; RFPO-6705-V40007-2,6705
7213,2,14295.44,RFPO-4814-A5212-1; RFPO-4814-A5212-2,4814
6618,2,76378.49,RFPO-5829-M4103A-1; RFPO-5829-M4103A-2,5829
7146,2,33344.02,RFPO-6746-E6800-1; RFPO-6746-E6800-2,6746
7082,2,5448.0,RFPO-5193-A5206-1; RFPO-5193-A5206-2,5193
7053,2,86874.0,RFPO-6542-V40001-1; RFPO-6542-V40001-2,6542
7121,2,88100.0,RFPO-5532-V4368-2; RFPO-5532-V4368-3,5532
7111,2,1004.5,RFPO-5829-S9100-1; RFPO-5829-S9100-2,5829
7058,2,312.5,RFPO-6542-V40002-1; RFPO-6542-V40002-2,6542
6990,2,1290.96,RFPO-5532-M4015-1; RFPO-5532-M4015-2,5532
6594,2,143158.4,RFPO-5503-V40008A-1; RFPO-5503-V40008A-2,5503
6896,2,2968.01,RFPO-1569-V4413-1; RFPO-1569-V4413-2,1569
6840,2,11337.14,RFPO-5410-V40002-1; RFPO-5410-V40002-2,5410
6637,2,27572.58,RFPO-1005-V7127-1; RFPO-1005-V7127-2,1005
6748,2,16878.1,RFPO-1005-V7151-1; RFPO-1005-V7151-2,1005
6745,2,23784.88,RFPO-1569-O56-1; RFPO-1569-O56-2,1569
6759,2,2123.89,RFPO-1569-O59-1; RFPO-1569-O59-2,1569
6731,2,2454.9,RFPO-4814-E6802A-1; RFPO-4814-E6802A-2,4814
6643,2,18051.74,RFPO-1005-V7136-1; RFPO-1005-V7136-2,1005
6649,2,4642.07,RFPO-1569-O51-1; RFPO-1569-O51-2,1569
6631,2,17059.23,RFPO-1005-E7073-1; RFPO-1005-E7073-2,1005
6546,2,124304.34,RFPO-5503-M4101-1; RFPO-5503-M4101-2,5503
6597,2,1307.01,RFPO-1428-V4355-1; RFPO-1428-V4355-2,1428
6583,2,699795.78,RFPO-5829-M4102-1; RFPO-5829-M4102-2,5829
6565,2,13502.4,RFPO-1005-V7107-1; RFPO-1005-V7107-2,1005
6508,2,632.22,RFPO-1005-M7075-1; RFPO-1005-M7075-2,1005
6480,2,1142.87,RFPO-1005-V7085-1; RFPO-1005-V7085-2,1005
6462,2,9156.77,RFPO-1005-V7078-1; RFPO-1005-V7078-2,1005
6419,2,22982.25,RFPO-1005-V7072-1; RFPO-1005-V7072-2,1005
6364,2,871.34,RFPO-4814-V40004-1; RFPO-4814-V40004-2,4814
6249,2,17539.2,RFPO-1005-M7064-1; RFPO-1005-M7064-2,1005
6189,2,13967.01,RFPO-1005-V7053-1; RFPO-1005-V7053-2,1005
6154,2,2878.4,PO-1005-V7049-1; PO-1005-V7049-2,1005
6040,2,25141.34,RFPO-1005-V7048-1; RFPO-1005-V7048-2,1005
6057,2,69612.0,RFPO-5193-A5201-1; RFPO-5193-A5201-2,5193
5704,2,171306.31,RFPO-4814-E6800-1; RFPO-4814-E6800-2,4814
5826,2,4600.98,RFPO-5503-O1-1; RFPO-5503-O1-2,5503
5395,2,592173.33,RFPO-5213-S9082-1; RFPO-5213-S9082-2,5213
5117,2,18186.81,RFPO-3734-V4353-1; RFPO-3734-V4353-2,3734
5255,2,46520.0,RFPO-1192-V4431-1; RFPO-1192-V4431-2,1192
4024,2,3143000.0,RFPO-3742-V4252-1; RFPO-3742-V4252-2,3742
4597,2,1315162.8,RFPO-3742-V4256A-1; RFPO-3742-V4256A-2,3742
5067,2,776.04,RFPO-1569-S9002-1; RFPO-1569-S9002-2,1569
4873,2,179134.06,RFPO-3734-A5202-1; RFPO-3734-A5202-2,3734
4781,2,102780.49,RFPO-3734-V4258-1; RFPO-3734-V4258-2,3734
4690,2,43726.39,PO-1005-E7032-1; PO-1005-E7032-2,1005
4026,2,45432.83,PO-1005-E7019-1; PO-1005-E7019-2,1005
3974,2,5924.58,PO-1005-V7004-1; PO-1005-V7004-2,1005
3519,2,11000.0,RFPO-2569-V4252-1; RFPO-2569-V4252-2,2569
3459,2,32554.95,PO-1005-V4466-1; PO-1005-V4466-2,1005
3403,2,49180.2,PO-1428-M4101-1; PO-1428-M4101-2,1428
2834,2,5426.35,RFPO-2532-E6801-1; RFPO-2532-E6801-2,2532
2652,2,130140.39,RFPO-1005-A5204-1; RFPO-1005-A5204-2,1005
2514,2,139441.8,RFPO-982-A5201-1; RFPO-982-A5201-2,982
2401,2,33434.1,PO-1005-E6995-1; PO-1005-E6995-2,1005
2410,2,5102.98,PO-1005-E6991-1; PO-1005-E6991-2,1005
2076,2,100374.44,RFPO-1581-M4101-1; RFPO-1581-M4101-2,1581
1358,2,890.11,RFPO-982-S9091-1; RFPO-982-S9091-2,982
2011,2,4968.59,PO-1094-S9091-1; PO-1094-S9091-2,1094
1680,2,2586.6,RFPO-637-V6856-1; RFPO-637-V6856-2,637
1653,2,627.54,PO-1005-E6981-1; PO-1005-E6981-2,1005
1599,2,16228.73,PO-1005-M6995-1; PO-1005-M6995-2,1005
1574,2,716.0,RFPO-637-A5310-1; RFPO-637-A5310-2,637
1463,2,87843.16,RFPO-1192-C6051A-1; RFPO-1192-C6051A-2,1192
1416,2,74430.68,PO-1005-E6965-1; PO-1005-E6965-2,0
1312,2,3686.76,RFPO-637-A5305-1; RFPO-637-A5305-2,637
1170,2,956682.46,PO-1005-V6873-1; PO-1005-V6873-2,1005
1264,2,6864.82,RFPO-781-V4252-1; RFPO-781-V4252-2,781
1231,2,6015.44,RFPO-637-V4261-1; RFPO-637-V4261-2,637
1179,2,137358.3,RFPO-637-S9101-1; RFPO-637-S9101-2,637
1141,2,3672.62,PO-1005-M4001-1; PO-1005-M4001-2,1005
1096,2,19177.5,PO-1005-V6840-1; PO-1005-V6840-2,1005
1081,2,1965.96,PO-1005-T1004-1; PO-1005-T1004-2,1005
1045,2,19319779.18,RFPO-982-1590A-1; RFPO-982-1590A-2,982
945,2,5645.6,RFPO-497-1484-1; RFPO-497-1484-2,497
573,2,990192.0,SPO-573-1001-1; SPO-573-1001-2,0
968,2,1395.8,PO-315-1518-1; PO-315-1518-2,0
965,2,536.42,PO-315-1515-1; PO-315-1515-2,0
963,2,9708.76,PO-315-1510-1; PO-315-1510-2,0
931,2,672.11,PO-215-1456-1; PO-215-1456-2,0
594,2,1522900.0,RFPO-497-1044-1; RFSPO-497-1044-2,497
193,2,177417.29,PO-613-335-1; PO-613-335-2,158
18,2,2657171.97,ACTIVITIES-2; ACTIVITIES-1,0
291,2,0.0,PO-913-516-1; PO-913-516-2,0
289,2,18774.8,RFPO-1013-544-1; RFPO-1013-544-4,256
236,2,204650.0,PO-913-513-1; PO-713-438-1,0
