quotationNumber,quotationDate,poDate,daysToConvert,month,orderId
RFQ-781-S9032,2015-06-04,2017-01-23,599,2015-06,1740
RFQ-573-V4253,2015-06-04,2017-01-19,595,2015-06,1736
RFQ-573-A5203,2015-06-03,2017-01-19,596,2015-06,1734
RFQ-573-V4251,2015-05-25,2017-01-05,591,2015-05,1704
RFQ-982-1614A,2015-05-19,2016-12-22,583,2015-05,1692
RFQ-573-V4351,2015-05-13,2016-12-15,582,2015-05,1680
RFQ-497-E6801,2015-05-13,2016-12-14,581,2015-05,1679
RFQ-497-E6800,2015-05-12,2016-12-08,576,2015-05,1673
RFQ-781-S9072,2015-05-10,2016-12-05,575,2015-05,1670
RFQ-497-1602,2015-04-15,2016-09-22,526,2015-04,1602
RFQ-637-1574,2015-04-07,2016-08-22,503,2015-04,1574
RFQ-566-1573,2015-04-07,2016-08-23,504,2015-04,1573
RFQ-566-1571,2015-04-07,2016-08-17,498,2015-04,1571
RFQ-573-1566,2015-04-06,2016-08-10,492,2015-04,1566
RFQ-497-1560,2015-04-01,2016-08-08,495,2015-04,1560
RFQ-497-1526,2015-03-17,2016-06-27,468,2015-03,1526
RFQ-497-1517,2015-03-11,2016-06-13,460,2015-03,1517
RFQ-573-1505,2015-03-05,2016-05-31,453,2015-03,1505
RFQ-566-1501,2015-03-04,2016-05-29,452,2015-03,1501
RFQ-497-1493,2015-03-03,2016-05-22,446,2015-03,1493
RFQ-573-1487,2015-03-01,2016-05-16,442,2015-03,1487
RFQ-497-1484,2015-03-01,2016-05-12,438,2015-03,1484
RFQ-573-1483,2015-03-01,2016-05-08,434,2015-03,1483
RFQ-573-1478,2015-02-25,2016-05-02,432,2015-02,1478
RFQ-573-1477,2015-02-25,2016-05-02,432,2015-02,1477
RFQ-573-1467,2015-02-23,2016-04-24,426,2015-02,1467
RFQ-497-1464,2015-02-23,2016-04-21,423,2015-02,1464
RFQ-573-1463,2015-02-22,2016-04-20,423,2015-02,1463
RFQ-573-1433,2015-02-02,2016-03-10,402,2015-02,1433
RFQ-497-1432,2015-02-01,2016-03-10,403,2015-02,1432
RFQ-573-1430,2015-02-01,2016-03-06,399,2015-02,1430
RFQ-497-1426,2015-01-26,2016-02-29,399,2015-01,1426
RFQ-497-1421,2015-01-25,2016-02-22,393,2015-01,1421
RFQ-497-1419,2015-01-21,2016-02-21,396,2015-01,1419
RFQ-573-1418,2015-01-21,2016-02-21,396,2015-01,1418
RFQ-497-1413,2015-01-20,2016-02-11,387,2015-01,1413
RFQ-637-1411,2015-01-18,2016-02-11,389,2015-01,1411
RFQ-497-1410,2015-01-18,2016-02-10,388,2015-01,1410
RFQ-497-1409,2015-01-18,2016-02-09,387,2015-01,1409
RFQ-573-1407,2015-01-14,2016-02-08,390,2015-01,1407
RFQ-497-1403,2015-01-13,2016-02-07,390,2015-01,1403
RFQ-781-1401,2015-01-11,2016-02-07,392,2015-01,1401
RFQ-497-1395,2015-01-11,2016-02-01,386,2015-01,1395
RFQ-573-1349,2014-12-14,2016-01-28,410,2014-12,1349
RFQ-497-1339,2014-12-10,2016-01-24,410,2014-12,1339
RFQ-497-1336,2014-12-09,2016-01-21,408,2014-12,1336
RFQ-497-1335,2014-12-09,2016-01-24,411,2014-12,1335
RFQ-497-1334,2014-12-08,2016-01-20,408,2014-12,1334
RFQ-497-1333,2014-12-08,2016-01-20,408,2014-12,1333
RFQ-497-1325,2014-12-07,2016-01-19,408,2014-12,1325
RFQ-497-1324,2014-12-07,2016-01-18,407,2014-12,1324
RFQ-497-1321,2014-12-04,2016-01-18,410,2014-12,1321
RFQ-497-1319,2014-12-04,2016-01-17,409,2014-12,1319
RFQ-497-1318,2014-12-04,2016-01-17,409,2014-12,1318
RFQ-497-1317,2014-12-04,2016-01-17,409,2014-12,1317
RFQ-497-1312,2014-12-01,2016-01-14,409,2014-12,1312
RFQ-573-1311,2014-12-01,2016-01-14,409,2014-12,1311
RFQ-497-1307,2014-11-30,2016-01-12,408,2014-11,1307
RFQ-573-1305,2014-11-27,2016-01-07,406,2014-11,1305
RFQ-158-1304,2014-11-26,2016-01-07,407,2014-11,1304
RFQ-158-1303,2014-11-25,2016-01-04,405,2014-11,1303
RFQ-497-1301,2014-11-24,2016-01-04,406,2014-11,1301
RFQ-497-1300,2014-11-24,2016-01-04,406,2014-11,1300
RFQ-497-1296,2014-11-23,2015-12-31,403,2014-11,1296
RFQ-497-1293,2014-11-23,2016-01-17,420,2014-11,1293
RFQ-158-1289,2014-11-20,2015-12-28,403,2014-11,1289
RFQ-573-1288,2014-11-20,2015-12-28,403,2014-11,1288
RFQ-497-1283,2014-11-19,2015-12-22,398,2014-11,1283
RFQ-497-1279,2014-11-17,2015-12-20,398,2014-11,1279
RFQ-573-1276,2014-11-17,2015-12-20,398,2014-11,1276
RFQ-497-1275,2014-11-16,2015-12-20,399,2014-11,1275
RFQ-573-1273,2014-11-16,2015-12-16,395,2014-11,1273
RFQ-497-1265,2014-11-11,2015-12-15,399,2014-11,1265
RFQ-573-1263,2014-11-10,2015-12-14,399,2014-11,1263
RFQ-637-1262,2014-11-10,2015-12-13,398,2014-11,1262
RFQ-158-1261,2014-11-10,2015-12-16,401,2014-11,1261
RFQ-573-1257,2014-11-09,2015-12-09,395,2014-11,1257
RFQ-158-1256,2014-11-09,2015-12-08,394,2014-11,1256
RFQ-573-1254,2014-11-06,2015-12-08,397,2014-11,1254
RFQ-497-1253,2014-11-06,2015-12-07,396,2014-11,1253
RFQ-497-1249,2014-11-05,2015-12-01,391,2014-11,1249
RFQ-573-1247,2014-11-04,2015-11-30,391,2014-11,1247
RFQ-497-1246,2014-11-04,2015-11-30,391,2014-11,1246
RFQ-158-1245,2014-11-04,2015-11-30,391,2014-11,1245
RFQ-497-1242,2014-11-03,2015-11-29,391,2014-11,1242
RFQ-497-1241,2014-10-30,2015-11-25,391,2014-10,1241
RFQ-497-1240,2014-10-30,2015-11-25,391,2014-10,1240
RFQ-497-1238,2014-10-30,2015-11-24,390,2014-10,1238
RFQ-497-1237,2014-10-29,2015-11-24,391,2014-10,1237
RFQ-497-1231,2014-10-28,2015-11-22,390,2014-10,1231
RFQ-497-1230,2014-10-28,2015-11-22,390,2014-10,1230
RFQ-497-1218,2014-10-26,2015-11-12,382,2014-10,1218
RFQ-497-1216,2014-10-26,2015-11-12,382,2014-10,1216
RFQ-497-1215,2014-10-23,2015-11-12,385,2014-10,1215
RFQ-573-1213,2014-10-23,2015-11-10,383,2014-10,1213
RFQ-573-1211,2014-10-23,2015-11-08,381,2014-10,1211
RFQ-497-1210,2014-10-22,2015-11-05,379,2014-10,1210
RFQ-497-1204,2014-10-20,2015-11-03,379,2014-10,1204
RFQ-497-1203,2014-10-20,2015-11-03,379,2014-10,1203
RFQ-497-1201,2014-10-19,2015-11-01,378,2014-10,1201
RFQ-158-1199,2014-10-19,2015-10-29,375,2014-10,1199
RFQ-497-1198,2014-10-19,2015-11-05,382,2014-10,1198
RFQ-497-1196,2014-10-16,2015-10-28,377,2014-10,1196
RFQ-158-1193,2014-10-16,2015-10-27,376,2014-10,1193
RFQ-158-1190,2014-10-15,2015-10-26,376,2014-10,1190
RFQ-497-1189,2014-10-14,2015-10-25,376,2014-10,1189
RFQ-497-1184,2014-10-13,2015-10-22,374,2014-10,1184
RFQ-497-1182,2014-10-12,2015-10-22,375,2014-10,1182
RFQ-497-1179,2014-10-09,2015-10-19,375,2014-10,1179
RFQ-637-1178,2014-10-08,2015-10-19,376,2014-10,1178
RFQ-497-1176,2014-10-08,2015-10-12,369,2014-10,1176
RFQ-497-1174,2014-10-07,2015-10-11,369,2014-10,1174
RFQ-497-1173,2014-10-07,2015-10-08,366,2014-10,1173
RFQ-573-1167,2014-09-30,2015-11-10,406,2014-09,1167
RFQ-497-1166,2014-09-30,2015-10-01,366,2014-09,1166
RFQ-573-1163,2014-09-29,2015-09-28,364,2014-09,1163
RFQ-637-1161,2014-09-29,2015-10-18,384,2014-09,1161
RFQ-497-1158,2014-09-29,2015-09-14,350,2014-09,1158
RFQ-497-1156,2014-09-28,2015-09-13,350,2014-09,1156
RFQ-497-1155,2014-09-28,2015-09-13,350,2014-09,1155
RFQ-637-1154,2014-09-28,2015-09-10,347,2014-09,1154
RFQ-497-1151,2014-09-24,2015-09-08,349,2014-09,1151
RFQ-497-1143,2014-09-22,2015-08-11,323,2014-09,1143
RFQ-497-1142,2014-09-22,2015-08-10,322,2014-09,1142
RFQ-497-1140,2014-09-21,2015-08-09,322,2014-09,1140
RFQ-497-1139,2014-09-18,2015-08-06,322,2014-09,1139
RFQ-497-1138,2014-09-18,2015-08-05,321,2014-09,1138
RFQ-497-1135,2014-09-15,2015-08-03,322,2014-09,1135
RFQ-497-1132,2014-09-14,2015-07-29,318,2014-09,1132
RFQ-497-1128,2014-09-14,2015-07-29,318,2014-09,1128
RFQ-497-1121,2014-09-09,2015-07-13,307,2014-09,1121
RFQ-497-1115,2014-09-08,2015-07-08,303,2014-09,1115
RFQ-497-1113,2014-09-08,2015-07-08,303,2014-09,1113
RFQ-497-1111,2014-09-08,2015-07-07,302,2014-09,1111
RFQ-497-1106,2014-09-03,2015-06-29,299,2014-09,1106
RFQ-573-1105,2014-09-03,2015-06-28,298,2014-09,1105
RFQ-566-1097,2014-08-31,2015-06-22,295,2014-08,1097
RFQ-497-1096,2014-08-31,2015-06-18,291,2014-08,1096
RFQ-497-1095,2014-08-28,2015-06-18,294,2014-08,1095
RFQ-497-1092,2014-08-28,2015-06-15,291,2014-08,1092
RFQ-573-1091,2014-08-28,2015-06-14,290,2014-08,1091
RFQ-158-1090,2014-08-28,2015-06-11,287,2014-08,1090
RFQ-158-1089,2014-08-28,2015-06-11,287,2014-08,1089
RFQ-497-1086,2014-08-27,2015-06-09,286,2014-08,1086
RFQ-497-1085,2014-08-27,2015-06-10,287,2014-08,1085
RFQ-158-1084,2014-08-27,2015-06-09,286,2014-08,1084
RFQ-497-1076,2014-08-21,2015-06-04,287,2014-08,1076
RFQ-497-1072,2014-08-20,2015-06-03,287,2014-08,1072
RFQ-497-1069,2014-08-18,2015-05-28,283,2014-08,1069
RFQ-158-1067,2014-08-17,2015-05-26,282,2014-08,1067
RFQ-497-1063,2014-08-17,2015-05-25,281,2014-08,1063
RFQ-497-1056,2014-08-14,2015-05-21,280,2014-08,1056
RFQ-566-1049,2014-08-11,2015-05-17,279,2014-08,1049
RFQ-158-1047,2014-08-07,2015-05-17,283,2014-08,1047
RFQ-497-1045,2014-08-06,2015-05-20,287,2014-08,1045
RFQ-497-1042,2014-08-04,2015-05-13,282,2014-08,1042
RFQ-158-1041,2014-08-04,2015-05-13,282,2014-08,1041
RFQ-497-1039,2014-08-03,2015-05-13,283,2014-08,1039
RFQ-497-1038,2014-08-03,2015-05-13,283,2014-08,1038
RFQ-497-1035,2014-07-30,2015-05-05,279,2014-07,1035
RFQ-497-1030,2014-07-30,2015-04-28,272,2014-07,1030
RFQ-497-1027,2014-07-30,2015-04-26,270,2014-07,1027
RFQ-497-1015,2014-07-23,2015-04-20,271,2014-07,1015
RFQ-497-1012,2014-07-22,2015-04-16,268,2014-07,1012
RFQ-158-1011,2014-07-22,2015-04-15,267,2014-07,1011
RFQ-158-1009,2014-07-21,2015-04-13,266,2014-07,1009
RFQ-497-1007,2014-07-21,2015-04-12,265,2014-07,1007
RFQ-158-989,2014-07-01,2015-03-30,272,2014-07,989
RFQ-497-988,2014-06-30,2015-03-30,273,2014-06,988
RFQ-158-971,2014-05-26,2015-03-17,295,2014-05,971
RFQ-497-966,2014-05-20,2015-03-10,294,2014-05,966
RFQ-256-965,2014-05-19,2015-03-10,295,2014-05,965
RFQ-497-963,2014-05-18,2015-03-09,295,2014-05,963
RFQ-256-953,2014-05-06,2015-03-04,302,2014-05,953
RFQ-256-950,2014-05-04,2015-03-02,302,2014-05,950
RFQ-256-949,2014-05-04,2015-03-02,302,2014-05,949
RFQ-158-943,2014-04-29,2015-03-01,306,2014-04,943
RFQ-158-940,2014-04-28,2015-02-26,304,2014-04,940
RFQ-256-938,2014-04-27,2015-02-25,304,2014-04,938
RFQ-256-937,2014-04-24,2015-02-25,307,2014-04,937
RFQ-158-935,2014-04-24,2015-02-24,306,2014-04,935
RFQ-158-933,2014-04-23,2015-02-23,306,2014-04,933
RFQ-256-932,2014-04-22,2015-02-23,307,2014-04,932
RFQ-497-931,2014-04-22,2015-02-22,306,2014-04,931
RFQ-497-930,2014-04-21,2015-02-22,307,2014-04,930
RFQ-497-929,2014-04-21,2015-02-22,307,2014-04,929
RFQ-497-923,2014-04-17,2015-02-22,311,2014-04,923
RFQ-158-921,2014-04-17,2015-02-19,308,2014-04,921
RFQ-158-920,2014-04-17,2015-02-19,308,2014-04,920
RFQ-497-919,2014-04-16,2015-02-18,308,2014-04,919
RFQ-158-918,2014-04-15,2015-02-17,308,2014-04,918
RFQ-497-917,2014-04-15,2015-02-16,307,2014-04,917
RFQ-158-911,2014-04-14,2015-02-09,301,2014-04,911
RFQ-158-907,2014-04-13,2015-02-01,294,2014-04,907
RFQ-158-902,2014-04-10,2015-01-26,291,2014-04,902
RFQ-158-900,2014-04-09,2015-01-25,291,2014-04,900
RFQ-256-897,2014-04-09,2015-01-21,287,2014-04,897
RFQ-158-895,2014-04-08,2015-01-20,287,2014-04,895
RFQ-158-894,2014-04-07,2015-01-20,288,2014-04,894
RFQ-158-893,2014-04-07,2015-01-19,287,2014-04,893
RFQ-158-892,2014-04-07,2015-01-18,286,2014-04,892
RFQ-158-891,2014-04-07,2015-01-18,286,2014-04,891
RFQ-158-889,2014-04-03,2015-01-14,286,2014-04,889
RFQ-497-886,2014-04-03,2015-01-13,285,2014-04,886
RFQ-256-881,2014-04-01,2015-01-08,282,2014-04,881
RFQ-256-879,2014-03-31,2015-01-07,282,2014-03,879
RFQ-256-878,2014-03-31,2015-01-07,282,2014-03,878
RFQ-158-876,2014-03-30,2015-01-06,282,2014-03,876
RFQ-158-873,2014-03-27,2015-01-05,284,2014-03,873
RFQ-256-871,2014-03-25,2015-01-04,285,2014-03,871
RFQ-158-869,2014-03-24,2014-12-30,281,2014-03,869
RFQ-158-868,2014-03-24,2014-12-30,281,2014-03,868
RFQ-256-867,2014-03-23,2014-12-29,281,2014-03,867
RFQ-158-860,2014-03-16,2014-12-22,281,2014-03,860
RFQ-158-859,2014-03-16,2014-12-21,280,2014-03,859
RFQ-158-855,2014-03-16,2014-12-17,276,2014-03,855
RFQ-158-853,2014-03-16,2014-12-16,275,2014-03,853
RFQ-256-852,2014-03-16,2014-12-16,275,2014-03,852
RFQ-158-850,2014-03-13,2014-12-15,277,2014-03,850
RFQ-158-849,2014-03-13,2014-12-15,277,2014-03,849
RFQ-158-848,2014-03-13,2014-12-15,277,2014-03,848
RFQ-256-837,2014-03-04,2014-12-11,282,2014-03,837
RFQ-158-833,2014-03-04,2014-12-09,280,2014-03,833
RFQ-158-830,2014-03-04,2014-12-09,280,2014-03,830
RFQ-256-828,2014-03-04,2014-12-08,279,2014-03,828
RFQ-256-825,2014-03-03,2014-12-07,279,2014-03,825
RFQ-158-822,2014-03-03,2014-12-07,279,2014-03,822
RFQ-256-820,2014-03-02,2014-12-04,277,2014-03,820
RFQ-256-810,2014-02-25,2014-12-01,279,2014-02,810
RFQ-256-802,2014-02-23,2014-11-25,275,2014-02,802
RFQ-158-795,2014-02-18,2014-11-20,275,2014-02,795
RFQ-158-785,2014-02-13,2014-11-17,277,2014-02,785
RFQ-256-773,2014-02-12,2014-11-09,270,2014-02,773
RFQ-256-769,2014-02-11,2014-11-06,268,2014-02,769
RFQ-256-763,2014-02-06,2014-11-03,270,2014-02,763
RFQ-256-755,2014-02-02,2014-10-29,269,2014-02,755
RFQ-158-733,2014-01-23,2014-10-20,270,2014-01,733
RFQ-256-732,2014-01-23,2014-10-20,270,2014-01,732
RFQ-158-724,2014-01-21,2014-10-19,271,2014-01,724
RFQ-158-722,2014-01-20,2014-10-15,268,2014-01,722
RFQ-256-715,2014-01-15,2014-10-09,267,2014-01,715
RFQ-158-711,2014-01-14,2014-10-01,260,2014-01,711
RFQ-256-701,2014-01-07,2014-09-25,261,2014-01,701
RFQ-258-700,2014-01-07,2014-09-25,261,2014-01,700
RFQ-256-689,2014-01-05,2014-09-18,256,2014-01,689
RFQ-256-685,2014-01-02,2014-09-16,257,2014-01,685
RFQ-256-682,2013-12-31,2014-09-15,258,2013-12,682
RFQ-371-677,2013-12-29,2014-09-11,256,2013-12,677
RFQ-256-672,2013-12-24,2014-09-09,259,2013-12,672
RFQ-256-648,2013-11-27,2014-08-28,274,2013-11,648
RFQ-256-641,2013-11-20,2014-08-27,280,2013-11,641
RFQ-256-629,2013-11-12,2014-08-18,279,2013-11,629
RFQ-256-618,2013-11-10,2014-08-13,276,2013-11,618
RFQ-256-614,2013-11-08,2014-08-13,278,2013-11,614
RFQ-256-608,2013-11-05,2014-08-13,281,2013-11,608
RFQ-256-606,2013-11-04,2014-08-12,281,2013-11,606
RFQ-256-605,2013-11-04,2014-08-12,281,2013-11,605
RFQ-1013-594,2013-10-30,2014-12-02,398,2013-10,594
RFQ-1013-581,2013-10-24,2014-07-22,271,2013-10,581
RFQ-1013-580,2013-10-23,2014-07-21,271,2013-10,580
RFQ-1013-579,2013-10-23,2014-07-21,271,2013-10,579
RFQ-1013-573,2013-10-22,2015-03-23,517,2013-10,573
RFQ-1013-566,2013-10-17,2014-08-11,298,2013-10,566
RFQ-913-535,2013-09-30,2014-04-23,205,2013-09,535
RFQ-913-533,2013-09-30,2014-04-22,204,2013-09,533
RFQ-913-512,2013-09-19,2014-04-13,206,2013-09,512
RFQ-913-511,2013-09-19,2014-04-10,203,2013-09,511
RFQ-913-510,2013-09-18,2014-04-10,204,2013-09,510
RFQ-913-509,2013-09-18,2014-04-10,204,2013-09,509
RFQ-5153-V4351,2022-10-26,2022-10-26,0,2022-10,10936
RFQ-5410-V40001,2022-10-19,2022-10-19,0,2022-10,10918
RFQ-5503-V4351,2022-09-21,2022-09-21,0,2022-09,10831
RFQ-5327-S9073,2022-08-01,2022-08-02,1,2022-08,10662
RFQ-5342-M4101,2022-05-20,2022-05-20,0,2022-05,10426
RFQ-5270-O1,2022-03-02,2022-03-02,0,2022-03,10233
RFQ-5213-S9082,2021-11-09,2021-11-09,0,2021-11,9917
RFQ-4814-M4101,2021-11-08,2021-11-08,0,2021-11,9908
RFQ-2623-E6801,2020-08-27,2020-08-27,0,2020-08,8387
RFQ-3734-V4251,2020-08-12,2020-08-12,0,2020-08,8318
RFQ-3734-S9031,2020-08-12,2020-08-12,0,2020-08,8317
RFQ-3734-S9089,2020-07-28,2020-08-12,15,2020-07,8280
RFQ-3734-S9085,2020-05-06,2020-08-12,98,2020-05,8045
RFQ-3734-S9084,2020-04-16,2020-08-12,118,2020-04,7998
RFQ-3728-M4101,2020-03-10,2020-03-12,2,2020-03,7871
RFQ-3734-S9080A,2020-01-28,2020-08-12,197,2020-01,7633
RFQ-3734-S9080,2020-01-28,2020-08-12,197,2020-01,7632
RFQ-3734-S9079,2020-01-23,2020-08-12,202,2020-01,7607
RFQ-3734-S9078,2020-01-21,2020-08-12,204,2020-01,7594
RFQ-3734-S9077,2020-01-05,2020-08-12,220,2020-01,7493
RFQ-3742-S9078,2019-12-31,2020-01-08,8,2019-12,7485
RFQ-3742-S9077,2019-12-22,2020-01-08,17,2019-12,7439
RFQ-3734-S9076,2019-12-11,2020-08-12,245,2019-12,7387
RFQ-3742-S9074,2019-11-12,2020-01-08,57,2019-11,7269
RFQ-3742-S9072,2019-11-10,2020-01-08,59,2019-11,7252
RFQ-3728-S9072,2019-10-16,2020-03-12,148,2019-10,7141
RFQ-3550-R1500,2019-08-18,2019-08-19,1,2019-08,6866
RFQ-2797-V4351,2019-07-16,2019-07-16,0,2019-07,6762
RFQ-2797-S9075,2019-07-08,2019-07-16,8,2019-07,6727
RFQ-3473-S9071,2019-06-27,2019-06-27,0,2019-06,6691
RFQ-3427-S9071,2019-05-29,2019-07-22,54,2019-05,6592
RFQ-2952-V4251A,2019-03-24,2019-03-24,0,2019-03,6342
RFQ-2797-S9074,2019-03-13,2019-07-16,125,2019-03,6297
RFQ-2951-V4252,2019-03-10,2019-03-11,1,2019-03,6272
RFQ-2797-S9073,2019-02-13,2019-07-16,153,2019-02,6181
RFQ-2797-S9072,2019-02-04,2019-07-16,162,2019-02,6131
RFQ-2953-E6800,2019-01-07,2019-01-07,0,2019-01,6013
RFQ-2797-S9071,2018-11-29,2019-07-16,229,2018-11,5886
RFQ-2953-S9071,2018-11-14,2019-01-07,54,2018-11,5846
RFQ-2952-S9071,2018-11-14,2019-03-24,130,2018-11,5845
RFQ-2951-S9071,2018-11-14,2019-03-11,117,2018-11,5844
RFQ-2569-O2,2018-10-02,2018-10-02,0,2018-10,5665
RFQ-2569-O1,2018-10-02,2018-10-02,0,2018-10,5663
RFQ-2555-M4101,2018-06-28,2018-07-01,3,2018-06,5267
RFQ-2394-T1000,2018-06-20,2018-06-20,0,2018-06,5237
RFQ-2532-M4102,2018-05-09,2018-05-09,0,2018-05,5090
RFQ-2532-S9071A,2018-05-06,2018-05-09,3,2018-05,5075
RFQ-2394-S9077,2018-03-19,2018-06-20,93,2018-03,4872
RFQ-2394-S9076,2018-03-12,2018-06-20,100,2018-03,4840
RFQ-1613-M4103,2018-03-04,2018-03-06,2,2018-03,4814
RFQ-1613-M4102,2018-03-04,2018-03-06,2,2018-03,4813
RFQ-2152-V4351,2018-02-27,2018-02-28,1,2018-02,4799
RFQ-2394-S9073,2018-02-27,2018-06-20,113,2018-02,4795
RFQ-2394-S9072,2018-02-25,2018-06-20,115,2018-02,4789
RFQ-2394-S9071,2018-02-25,2018-06-20,115,2018-02,4788
RFQ-1094-V4352,2017-04-26,2017-04-26,0,2017-04,3780
RFQ-1581-V4251,2017-03-30,2017-04-02,3,2017-03,3691
RFQ-1593-M4102,2017-01-29,2017-01-29,0,2017-01,3514
RFQ-1595-V4251,2016-12-20,2016-12-22,2,2016-12,3408
RFQ-1608-V4251,2016-12-15,2016-12-15,0,2016-12,3394
RFQ-1569-V4351,2016-12-14,2016-12-14,0,2016-12,3389
RFQ-1592-V4251,2016-11-30,2016-11-30,0,2016-11,3363
RFQ-1592-T1000,2016-11-30,2016-11-30,0,2016-11,3362
RFQ-1592-S9074,2016-10-15,2016-11-30,46,2016-10,3278
RFQ-1614-V4251,2016-10-09,2016-10-09,0,2016-10,3264
RFQ-1428-V4253,2016-03-13,2016-03-13,0,2016-03,2727
RFQ-1428-V4252,2016-03-13,2016-03-13,0,2016-03,2726
RFQ-1005-M6985,2015-12-20,2015-12-20,0,2015-12,2493
RFQ-1005-F7045,2015-11-22,2015-12-20,28,2015-11,2398
RFQ-1005-F7044,2015-11-22,2015-12-20,28,2015-11,2397
RFQ-1192-V4251,2015-10-27,2015-10-27,0,2015-10,2317
RFQ-982-1614,2015-04-20,2015-04-20,0,2015-04,1614
RFQ-982-1597,2015-04-13,2015-04-20,7,2015-04,1597
RFQ-982-1592,2015-04-12,2015-04-20,8,2015-04,1592
RFQ-566-1557,2015-03-29,2015-03-29,0,2015-03,1557
RFQ-566-1428,2015-01-28,2015-03-29,60,2015-01,1428
RFQ-637-1260,2014-11-09,2015-01-19,71,2014-11,1260
RFQ-637-1259,2014-11-09,2015-01-19,71,2014-11,1259
RFQ-637-1258,2014-11-09,2015-01-19,71,2014-11,1258
RFQ-566-1217,2014-10-26,2015-03-29,154,2014-10,1217
RFQ-637-1169,2014-10-01,2015-01-19,110,2014-10,1169
RFQ-573-1005,2014-07-20,2014-07-21,1,2014-07,1005
RFQ-573-1004,2014-07-20,2014-07-21,1,2014-07,1004
RFQ-573-1003,2014-07-20,2014-07-21,1,2014-07,1003
RFQ-158-714,2014-01-14,2014-01-14,0,2014-01,714
RFQ-158-713,2014-01-14,2014-01-14,0,2014-01,713
RFQ-158-710,2014-01-14,2014-01-14,0,2014-01,710
RFQ-256-603,2013-11-04,2013-11-04,0,2013-11,603
RFQ-256-602,2013-11-04,2013-11-04,0,2013-11,602
RFQ-1013-546,2013-10-03,2013-10-03,0,2013-10,546
RFQ-1013-544,2013-10-03,2013-10-03,0,2013-10,544
RFQ-1013-543,2013-10-02,2013-10-03,1,2013-10,543
RFQ-913-536,2013-09-30,2013-09-30,0,2013-09,536
RFQ-913-534,2013-09-30,2013-09-30,0,2013-09,534
RFQ-913-526,2013-09-25,2013-09-30,5,2013-09,526
RFQ-7932-V40003,2026-02-10,2026-02-10,0,2026-02,15266
RFQ-7932-V40002,2026-02-10,2026-02-10,0,2026-02,15265
RFQ-7932-V40001,2026-02-10,2026-02-10,0,2026-02,15263
RFQ-7932-V40000,2026-02-10,2026-02-10,0,2026-02,15262
RFQ-8206-O1,2025-12-24,2025-12-24,0,2025-12,15092
RFQ-7616-M4000,2025-10-27,2025-10-28,1,2025-10,14849
RFQ-7878-V40000,2025-10-24,2025-10-24,0,2025-10,14843
RFQ-7864-V40000,2025-08-20,2025-08-20,0,2025-08,14599
RFQ-5828-O1,2025-07-09,2025-07-09,0,2025-07,14435
RFQ-7505-V40000,2025-07-07,2025-07-09,2,2025-07,14423
RFQ-7414-P4800,2025-06-04,2025-06-04,0,2025-06,14283
RFQ-7044-V40000,2025-04-28,2025-04-28,0,2025-04,14113
RFQ-7212-V40000,2025-03-18,2025-03-19,1,2025-03,13939
RFQ-7073-V40000,2025-02-13,2025-02-18,5,2025-02,13823
RFQ-7120-V40001,2025-02-07,2025-02-07,0,2025-02,13807
RFQ-7120-V40000,2025-02-06,2025-02-07,1,2025-02,13805
RFQ-7208-V40000,2025-02-03,2025-02-03,0,2025-02,13780
RFQ-7098-V40000,2024-11-20,2025-01-10,51,2024-11,13521
RFQ-7204-S9073,2024-10-15,2024-10-15,0,2024-10,13363
RFQ-7198-S9072,2024-10-15,2024-10-15,0,2024-10,13362
RFQ-7205-S9073,2024-10-15,2024-10-15,0,2024-10,13358
RFQ-7039-V40000,2024-09-10,2024-09-11,1,2024-09,13221
RFQ-6841-M4101,2024-09-06,2024-09-09,3,2024-09,13208
RFQ-7103-E6800,2024-08-29,2024-09-05,7,2024-08,13183
RFQ-6481-S9100,2024-08-29,2024-08-29,0,2024-08,13179
RFQ-7027-M4000,2024-08-26,2024-08-26,0,2024-08,13169
RFQ-6746-V40001,2024-08-21,2024-08-21,0,2024-08,13152
RFQ-6952-V40000,2024-08-21,2024-08-21,0,2024-08,13151
RFQ-7010-V40000,2024-08-08,2024-08-29,21,2024-08,13125
RFQ-6746-M4101,2024-08-08,2024-08-21,13,2024-08,13124
RFQ-5429-V40000,2024-08-08,2024-08-08,0,2024-08,13118
RFQ-6718-V40001B,2024-08-06,2024-08-07,1,2024-08,13108
RFQ-6718-V40002A,2024-08-06,2024-08-07,1,2024-08,13106
RFQ-6852-V40001,2024-08-03,2024-08-07,4,2024-08,13097
RFQ-6852-V40000,2024-08-02,2024-08-07,5,2024-08,13095
RFQ-6680-V40000,2024-07-23,2024-07-23,0,2024-07,13060
RFQ-6542-V40003,2024-06-24,2024-06-24,0,2024-06,12999
RFQ-6542-V40002,2024-06-24,2024-06-24,0,2024-06,12998
RFQ-6542-V40001,2024-06-24,2024-06-24,0,2024-06,12997
RFQ-6542-E6800,2024-06-24,2024-06-24,0,2024-06,12994
RFQ-6542-V40000,2024-06-24,2024-06-24,0,2024-06,12992
RFQ-6424-V40000,2024-04-03,2024-04-03,0,2024-04,12799
RFQ-6069-V40000,2024-03-25,2024-03-25,0,2024-03,12763
RFQ-6505-V40000,2024-02-15,2024-02-15,0,2024-02,12660
RFQ-6645-S9100,2024-02-07,2024-02-07,0,2024-02,12629
RFQ-6646-R1500,2024-02-01,2024-02-01,0,2024-02,12606
RFQ-6544-V40000,2024-01-15,2024-01-15,0,2024-01,12545
RFQ-6408-V40001,2023-10-12,2023-10-17,5,2023-10,12254
RFQ-6408-V40000,2023-10-12,2023-10-17,5,2023-10,12253
RFQ-6424-E6800,2023-09-25,2024-04-03,191,2023-09,12201
RFQ-6168-A5201,2023-08-11,2023-08-14,3,2023-08,12069
RFQ-6168-V40004,2023-08-10,2023-08-14,4,2023-08,12067
RFQ-6168-V40003,2023-08-10,2023-08-14,4,2023-08,12066
RFQ-6168-V40002,2023-08-10,2023-08-14,4,2023-08,12065
RFQ-6168-V40000A,2023-08-10,2023-08-14,4,2023-08,12063
RFQ-5695-V40000,2023-07-19,2023-07-19,0,2023-07,11984
RFQ-5581-T1000,2023-05-17,2023-05-17,0,2023-05,11822
RFQ-5581-V40001,2023-05-17,2023-05-17,0,2023-05,11821
RFQ-5684-S9031A,2023-04-17,2023-04-17,0,2023-04,11676
RFQ-5622-V40000,2023-03-01,2023-03-02,1,2023-03,11442
RFQ-5655-V40000,2023-02-27,2023-03-08,9,2023-02,11425
RFQ-5683-V40000,2023-02-27,2023-02-27,0,2023-02,11423
RFQ-5657-V40000,2023-02-27,2023-03-13,14,2023-02,11421
RFQ-5626-V40001,2023-02-27,2023-02-27,0,2023-02,11418
RFQ-5626-V40000,2023-02-21,2023-02-27,6,2023-02,11397
RFQ-5532-M4000,2023-02-01,2023-02-02,1,2023-02,11306
RFQ-5829-R1500,2023-01-16,2023-01-16,0,2023-01,11222
