No,Order Number,Order Date,Client Name,Supply of,Destination
1,ORD-8473,"Feb 19, 2026",Us A.,WMJ0159893,US
2,ORD-8395,"Jan 16, 2026",Dg M.N.,BIOT-121.120	N4008426F4085 REPLACE SPLIT TYPE AC UNITS AND D...,DIEGO GARCIA
3,ORD-8362,"Jan 07, 2026",Dg M.N.,"BIOT-121.119	N4008426F4072 QC0140 - REPLACE HVAC SYSTEM, NGI...",DIEGO GARCIA
4,ORD-8303,"Dec 08, 2025",Dg M.N.,BIOT-121.118	N4008426F4044 QC5220 - REPAIR AIRFIELD DISTRESS...,DIEGO GARCIA
5,ORD-8206,"Oct 28, 2025",Army A.F.,JPN-158 GNFR-FC KAD-25-23130 Navy Exchange Services Command ...,"Kadena Air Base - Okinawa, Japan"
6,ORD-8175,"Oct 08, 2025",Usace -.M.,"KUW-129.86 W912ER26F0003 AOC Modernization Phase I, Subban A...",Subhan Air Base
7,ORD-8146,"Oct 01, 2025",Navfac P.,Subcontract OCO-128 N6274224R1321 PHASE 1 PACIFIC DETERRENCE...,Pacific Region
8,ORD-8144,"Sep 29, 2025",Usace S.,USA-155.11 W912HN25F4011 Ft Stewart Roofing Project,Ft Stewart - Georgia
9,ORD-8140,"Oct 18, 2024",Duplicate--usace H.,RMI-129 W9128A24R0005 PREQUALIFICATION OF SOURCES FOR DB AND...,USA
10,ORD-8134,"Sep 27, 2025",Usace -.M.,"KSA-129.03 24-1021 -DRAFT RFP- Site Preparation, King Abdula...",KAAB JEDDAH
11,ORD-8133,"Sep 27, 2025",Dg M.N.,"BIOT-121.112	N4008425F0390 Replace HVAC System, UPH-9, NSFDG...",DIEGO GARCIA
12,ORD-8132,"Sep 27, 2025",Dg M.N.,"BIOT-121.114	N4008425F0392 REPAIRS TO UPH-24, F-165, WO#1595...",DIEGO GARCIA
13,ORD-8131,"Sep 27, 2025",Dg M.N.,"BIOT-121.109	N4008425F0393 REPAIR DG1 ROAD INTERSECTION, BSV...",DIEGO GARCIA
14,ORD-8122,"Sep 24, 2025",Navfac E.,BAH-122Z N3319125F6226 DEMOLISH AND REPLACE (CHUs) AT SAS AL...,"SAS AL NAKHL (SAN), UAE"
15,ORD-8113,"Sep 18, 2025",Navfac E.,GRC-127 N3319125D6004 MACC Souda Bay Greece,SOUDA BAY
16,ORD-8097,"Sep 13, 2025",Dg M.N.,BIOT-121.110	X086 QC4258 - REPAIR HVAC AND FIRE PROTECTION S...,DIEGO GARCIA
17,ORD-8092,"Sep 11, 2025",Usace -.M.,"KUW-129.85 W5J9JE25F0004 UOQ Site Layout, Camp Arifjan, Kuwa...",CAMP ARIFJAN
18,ORD-8087,"Sep 10, 2025",Navfac P.,"BIOT-122 N4008425D0087 IDIQ, DB, MACC for US Navy Support Fa...","Diego Garcia, British Indian Ocean Territory"
19,ORD-8070,"Sep 04, 2025",Us A.,JPN-134 FA527025R0005 OKINAWA MULTIPLE AWARD CONSTRUCTION CO...,"Kadena, Okinawa Prefecture, Japan"
20,ORD-7932,"Jul 08, 2025",Dg M.N.,"BIOT-121.103	N4008425F0169 QC4227 - REPLACE A/C UNIT, F601, ...",DIEGO GARCIA
21,ORD-7899,"Apr 24, 2025",Navfac P.,OCO-127 N6274224R1328 MACC/IDIQCONSTRUCTION PROJECTS IN INDO...,SOUTHEAST ASIA
22,ORD-7878,"Jun 18, 2025",Dg M.N.,"BIOT-121.99 N4008425F0127 Repairs to HVAC System, F-2296, NS...",DIEGO GARCIA
23,ORD-7864,"Jun 13, 2025",Dg M.N.,BIOT-121.93 REPAIR OF WINDOWS AND FLOORING AT F-1565 AND F-1...,DIEGO GARCIA
24,ORD-7687,"Apr 17, 2025",Usace -.M.,KUW-129.84  W912ER25F0080 Mechanical Yard Work at Ahmed Al J...,AJAB
25,ORD-7668,"Apr 09, 2025",Dg M.N.,BIOT-121.80 N4008425F4074 QC2122 REPAIRS TO SYNCHROLIFT MECH...,DIEGO GARCIA
26,ORD-7637,"Mar 28, 2025",Usace -.M.,KUW-129.78 W912ER25F0070 15th brigade Facility Renovation,KUWAIT
27,ORD-7636,"Apr 03, 2025",Usace -.M.,KUW-129.79 W912ER25F0071 35th Brigade DTD and Shooting Range...,KUWAIT
28,ORD-7635,"Mar 28, 2025",Usace -.M.,KUW-129.82 W912ER25F0072 MTCC Urgent Repairs,KUWAIT
29,ORD-7626,"Mar 27, 2025",Usace -.M.,KUW-129.77  W912ER25F0037 AJAB Runway Repairs,KUWAIT
30,ORD-7616,"Mar 25, 2025",Dg M.N.,"BIOT-121.82  REPAIRS TO BARRICADED STORAGE MODULES (F-840, 8...",DIEGO GARCIA
31,ORD-7575,"Mar 07, 2025",Usace -.M.,KUW-129.81 W912ER25F0065 AOAP Lab,KUWAIT
32,ORD-7546,"Jan 19, 2023",Usace E.D.,GEO-121 W912GB22D0025 GEORGIA AND ARMENIA DBB DB CONSTRUCTIO...,GEORGIA &amp;amp; ARMENIA
33,ORD-7526,"Feb 13, 2025",Usace -.M.,KUW-129.75 W912ER25F0042 Renovation of a Prefabricated Concr...,Jahra
34,ORD-7505,"Feb 03, 2025",Dg M.N.,"BIOT-121.77 N4008425F4142 REPAIR BASKETBALL COURT FLOORING, ...",DIEGO GARCIA
35,ORD-7446,"Dec 20, 2024",Usace H.D.,RMI-121 W9128A22R0002 DB/DBB CONST. SVC - KWAJALEIN ATOLL,KWAJELEIN
36,ORD-7443,"Jan 03, 2025",Usace -.M.,KUW-129.80 W912ER25R4006 - C30 Warehouse Assessment,KUWAIT
37,ORD-7438,"Jan 03, 2025",Usace -.M.,KUW-129.80 W912ER25R4006 - C30 Warehouse Assessment,KUWAIT
38,ORD-7419,"Sep 15, 2022",Usace E.D.,ARM-121 W912GB22D0025 (GEORGIA AND) ARMENIA DBB DB CONSTRUCT...,ARMENIA
39,ORD-7414,"Dec 16, 2024",Usace -.T.,"LEB-127	W912ER25C0001 Restore Beirut Naval Base (BNB), Beiru...",BEIRUT
40,ORD-7260,"Oct 11, 2024",Usace -.M.,KUW-129.72 W912ER25F0005 MTCC Urgent Repairs,CAMP BUEHRING
41,ORD-7235,"Sep 29, 2024",Usace S.,USA-155.06 W912HN24F4015 YG9-72-2J - Booker Range - Fort Ste...,Ft. Stewart
42,ORD-7234,"Sep 27, 2024",Usace ,OCO-121.29 W912HN24F4008 Lock and Dam 25 PANHES-23-P-0000 00...,"Mississippi Valley, St. Louis"
43,ORD-7223,"Sep 29, 2024",Usace ,"USA-155.09 W912HN24F4019 Food Truck Court Construction, Fort...","SAVANNAH, GEORGIA"
44,ORD-7217,"Sep 26, 2024",Usace ,USA-155.07 W912HN24F4008 FA-90297-21 Fort Liberty - Barracks,North Carolina
45,ORD-7212,"Sep 25, 2024",Usace J.D.,"JPN-143	W912HV24C0010 FY23 OMA, Convert Vehicle Storage Ware...",KANAGAWA
46,ORD-7208,"Sep 25, 2024",Dg M.N.,BIOT-121.76	N4008424F4725 REPAIRS TO CHRIMP FACILITY 724 (QS...,DIEGO GARCIA
47,ORD-7205,"Oct 31, 2024",Usace -.M.,"KUW-129.71 W5J9JE24F0015 Weather Shelter 4, Project #1, Camp...",CAMP BUEHRING
48,ORD-7204,"Oct 31, 2024",Usace -.M.,"KUW-129.73 W5J9JE24F0017 Weather Shelter 3, Project #3, Camp...",CAMP BUEHRING
49,ORD-7198,"Oct 31, 2024",Usace -.M.,"KUW-129.70 W5J9JE24F0016 Weather Shelter 5, Project #2, Camp...",TAE-JOCMVL-24-R-5004
50,ORD-7191,"Sep 20, 2024",Dg M.N.,BIOT-121.67 N4008424F4766  QC1117 REPAIR JP-5 AND F-76 PIPEL...,DG
51,ORD-7181,"Sep 17, 2024",Dg M.N.,"BIOT-121.70 N4008424F4663 REPLACE 2-EA EMERGENCY GENERATOR, ...",DG
52,ORD-7139,"Aug 23, 2024",Usace ,"RMI-127 W9128A24C0012 Air Traffic Control Tower & Terminal, ...",MARSHALL ISLANDS
53,ORD-7120,"Aug 08, 2024",Usace J.D.,"JPN-138 W912HV24C0009 FY24 AC Repair for Server Rooms, Build...",Camp Zama
54,ORD-7103,"Aug 05, 2024",Dg M.N.,BIOT-121.66 N4008424F4645 QC2110 REPLACE DISPLAY FREEZER UNI...,DG
55,ORD-7098,"Jul 29, 2024",Dg M.N.,BIOT-121.69 N4008424F4613 _eProject 1735497 QC2090 &ndash; R...,DG
56,ORD-7076,"Jul 09, 2025",Usace -.M.,KWT-151 W5J9JE24D0007 KUWAIT CONSTRUCTION IDIQ/MATOC,KUWAIT
57,ORD-7073,"Jul 10, 2024",Dg M.N.,BIOT-121.68 N4008424F4583 QC3078 Repairs to Concrete Water T...,DG
58,ORD-7044,"Jun 14, 2024",Dg M.N.,"BIOT-121.64 N4008424F4506 QP9003-REPLACE FIRE ALARM SYSTEM, ...",DIEGO GARCIA
59,ORD-7039,"Jun 13, 2024",Dg M.N.,BIOT-121.60 N4008424F4507 eProject 1693634 REPAIR SPP F1SA A...,D. GARCIA
60,ORD-7029,"Jun 04, 2024",Us A.,"JPN-135	FA520919RA006	IDIQ MACC HONSHU, JAPAN AND YOKOTA AB ...",YOKOTA
61,ORD-7027,"Jun 04, 2024",Dg M.N.,"BIOT-121.63 N4008424F4424 QC3010 REPLACE HVAC SYSTEM, F-161 ...",DIEGO GARCIA
62,ORD-7010,"May 21, 2024",Dg M.N.,"BIOT-121.65 N4008424R8904  QC2035 REPAIR TO RADAR TOWER, F-8...",DIEGO GARCIA
63,ORD-6952,"Apr 23, 2024",Dg M.N.,BIOT-121.62 N4008424F4368 QC3005 - PROVIDE SUPPORT TO NMCB T...,D. GARCIA
64,ORD-6852,"Feb 07, 2024",Dg M.N.,BIOT-121.35 N4008424F4221 QC8067-Repair to fuel piping syste...,D. GARCIA
65,ORD-6841,"Feb 01, 2024",Dg M.N.,"BIOT-121.54 N4008424F4212 QS6063 - REPLACE AC UNIT, UPH-23, ...",D. GARCIA
66,ORD-6746,"Dec 06, 2023",Navfac F.E.,BIOT-121.55 N4008424F4084 X019 QN7003 - REPAIRS TO BASE POOL...,D. GARCIA
67,ORD-6718,"Nov 17, 2023",Navfac F.E.,BIOT-121.48 N4008424F4064 EPROJECT 1718005 QC2011 REPLACE AD...,D. GARCIA
68,ORD-6705,"Sep 11, 2023",Usace- H.D.,"RMI-125 W9128A23C0010 FY23 MCA PN 080242 Medical Clinic, U.S...",MARSHAL ISLANDS
69,ORD-6680,"Sep 27, 2023",Usace J.D.,"JPN-127 W912HV23B0011 Repair Kitchen Ducts, Various Location...",JAPAN
70,ORD-6669,"Oct 24, 2023",Usace -.T.,QAT-206 CSOF BDLG 6885 - HVAC SYSTEM REPAIR,Doha
71,ORD-6648,"Sep 30, 2023",Usace -.M.,KUW-129.65 W5J9JE23F0020 Apron Transition Pavment Repairs,CAMP ARIFJAN
72,ORD-6646,"Sep 29, 2023",Usace S.,USA-155.01 W912HN23F3016 Replace Various Main Post Roofs,FT. MOORE GA
73,ORD-6645,"Sep 29, 2023",Usace S.,"USA-155.02 W912HN23F3014 Roofs B-2408, 2873, 2818, 2785, 878...",FT. MOORE GA
74,ORD-6544,"Aug 25, 2023",Navfac F.E.,BIOT-121.49 N4008423F4678 QC2025 REPAIRS TO FACILITY 824,D. GARCIA
75,ORD-6542,"Aug 09, 2023",Us A.,"JPN-124 FA890323C0031 Renovate Bldgs 111, 116 and 119 at Oki...",JAPAN
76,ORD-6505,"Jul 19, 2023",Us A.,UAE-135AP FA570623F0013 DHAF 17-0007 Install Cathodic Protec...,UAE
77,ORD-6481,"Aug 01, 2023",Us A.,QAT-203.23 FA570223F0081 20-0137 Repair Airfield LED Lightin...,QATAR
78,ORD-6458,"Jul 17, 2023",Us A.,QAT-203.28 FA570223F0080 22-0011 Repair Communication Manhol...,AUAB
79,ORD-6428,"Jun 30, 2023",Usace -.M.,KSA-129 W912ER23D0008 Kingdom of Saudi Arabia Multiple Award...,KSA
80,ORD-6424,"Jun 23, 2023",Navfac F.E.,"BIOT-121.46 N4008423F4547 EPROJECT 1641181, QF9010 &ndash; R...",D. GARCIA
81,ORD-6408,"Jun 14, 2023",Navfac F.E.,"BIOT-121.41 N4008423F4520 REPLACE SPLIT-TYPE A/C UNITS, UPH ...",D. GARCIA
82,ORD-6379,"May 25, 2023",Usace -.M.,KUW-129.64 W5J9JE23F0011 Upgrade the Air Traffic Control Tow...,KUWAIT
83,ORD-6357,"May 09, 2023",Usace -.M.,KUW-129.63 W5J9JE23R2001 Upgrade Installation for New Lighti...,KUWAIT
84,ORD-6309,"May 05, 2023",Usace H.H.,OCO-121.06 W912DY23F0100 PANHES-22-P-004098 for NETCOM Data ...,USA
85,ORD-6168,"Mar 03, 2023",Navfac F.E.,"BIOT-121.37 N4008423F4277 REPAIRS TO ORDNANCE OPERATIONS, F-...",D. GARCIA
86,ORD-6069,"Jan 26, 2023",Navfac F.E.,BIOT-121.19 N4008423F4078 INSTL FIRE PROTECTION/SPRINKLER SY...,D. Garcia
87,ORD-6020,"Jan 10, 2023",Usace -.d.,KUW-129.62 W912ER23F0024 Temporary Server Room Inside C30 Wa...,KUWAIT
88,ORD-5830,"Sep 28, 2022",Navsup-naval S.S.,OCO-123  N6817122DH017 GLOBAL MULTIPLE AWARD CONTRACT GMAC F...,"OCONUS, CONUS"
89,ORD-5829,"Sep 27, 2022",Usace -.M.,"UAE-123R W912ER22C0026 P-960 Triton Operational Facility,  U...",Al Dhafra
90,ORD-5828,"Sep 28, 2022",Usace S.,"USA-155 PHASE 2	W912HN22D4000- SATOC SC, NC, GA","SC, NC, GA USA"
91,ORD-5813,"Sep 20, 2022",Arcc-kuwait (.C.,KUW-122AT W912D122F0062 BU20-0046 - Udairi Landing Zone Hang...,KUWAIT
92,ORD-5798,"Sep 09, 2022",Usace -.d.,KUW-129.61 W912ER22F0139 Life and Safety Assessment for Miss...,KUWAIT
93,ORD-5793,"Aug 31, 2022",Usace -.d.,"KUW-129.37 W5J9JE22F0018  Pavement Repair, Udari Landing Zon...",KUWAIT
94,ORD-5788,"Sep 02, 2022",Usace -.d.,KUW-129.40 W5J9JE22R2002 install/plant shrubs and irrigation...,KUWAIT
95,ORD-5783,"Aug 23, 2022",Usace -.d.,KUW-129.49 W5J9JE-22-R-0006 Refurbish and Renovation of Tent...,KUWAIT
96,ORD-5782,"Aug 25, 2022",Usace -.d.,"KUW-129.60 W5J9JE22R2011, Air Traffic Control Towers at Ahme...",KUWAIT
97,ORD-5778,"Aug 24, 2022",Usace -.d.,"KUW-129.58 W5J9JE22F0024 ZN1 Curbs, CAJ",KUWAIT
98,ORD-5777,"Aug 25, 2022",Usace -.d.,KUW-129.59  W5J9JE22F0026 Air Traffic Control Towers at Ali ...,KUWAIT
99,ORD-5766,"Aug 19, 2022",Usace -.d.,"KUW-129.57 W5J9JE22F0014 ZN1 Sidewalk, Camp Arifjhan, Kuwait",KUWAIT
100,ORD-5763,"Aug 17, 2022",Usace -.d.,KUW-129.15 W5J9JE22F0020 Construct Rotational Unit Headquart...,"Camp Buehring, Kuwait"
101,ORD-5762,"Aug 18, 2022",Usace -.d.,KUW-129.56 W912ER22R2024 Refurbishment and Upgrade of the Ma...,KUWAIT
102,ORD-5761,"Aug 18, 2022",Usace -.d.,KUW-129.55 W912ER22R2015 - Refurbishment and Upgrade of Main...,KUWAIT
103,ORD-5754,"Aug 17, 2022",Navfac E.,BAH-122M D-B Small Project Expand Existing Giant Voice Jebel...,UAE
104,ORD-5752,"Jul 27, 2022",Usace -.d.,"KUW-129.50 W912ER22R2023,Refurbishment and Upgrade of the MB...",KUWAIT
105,ORD-5742,"Jul 26, 2022",Usace -.d.,"KUW-129.42 W912ER22R2017, Refurbishment and Upgrade of the M...",KUWAIT
106,ORD-5735,"Jul 28, 2016",Regional C.C.,QR-121 W912D216R0039 Qatar MATOC,Qatar
107,ORD-5734,"Aug 10, 2018",Usace -.T.,KSA-121 W912ER-16-R-0005.  PHASE 2 Saudi Construction Multip...,Saudi Arabia
108,ORD-5733,"Jan 08, 2018",Usaid ,NEP-121 SOL-367-17-000003USAID NCRP - IDIQ NEPAL,NEPAL
109,ORD-5732,"Nov 30, 2017",Arcc-kuwait (.C.,KUW-122 W912D1-17-R-0010  Kuwait Construction MATOC (small),Kuwait
110,ORD-5731,"Jul 20, 2022",Usace d.E.,GRE-122 W912GB22R0006 USACE AEC FY22 GREECE DBB DB MATOC,GREECE
111,ORD-5723,"Aug 03, 2022",Usace -.d.,KUW-129.51 W912ER22R2022 - 84th Battalion &amp;ndash; 35th A...,KUWAIT
112,ORD-5722,"Aug 03, 2022",Usace -.d.,"KUW-129.46 W912ER22R2021, Refurbishment and Upgrade of the T...",KUWAIT
113,ORD-5721,"Aug 03, 2022",Usace -.d.,"KUW-129.45 W912ER22R2020, Refurbishment and Upgrade of the M...",KUWAIT
114,ORD-5720,"Aug 03, 2022",Usace -.d.,"KUW-129.44 W912ER22R2019, Refurbishment and Upgrade of the M...",KUWAIT
115,ORD-5719,"Aug 03, 2022",Usace -.d.,"KUW-129.43  W912ER22R2018, Refurbishment and Upgrade of the ...",KUWAIT
116,ORD-5711,,Unique W.-.,UAE - unique project,Rajkot
117,ORD-5705,"Jul 20, 2022",Usace -.d.,"KUW-129.41 W912ER22F0104/W912ER22R2016, Refurbishment and Up...",KUWAIT
118,ORD-5699,"Jul 08, 2022",Duplicate D.o.,QTR-203 FA570222D0007/FA570221R0024 AL UDEID MACC,"AL UDEID AB, QATAR"
119,ORD-5695,"Jul 05, 2022",Navfac F.E.,"BIOT-121.16 N4008422F4476 QC1018 REPAIR BOLLARDS, POL PIER",D. Garcia
120,ORD-5684,"Jun 29, 2022",Navfac F.E.,"BIOT-121.11 N4008421R0079 - X011 1634252, QP9015 - REPAIR FI...",D. Garcia
121,ORD-5683,"Jun 28, 2022",Navfac F.E.,BIOT-121.10 N4008422F4478 / N4008421R0079 X010 CONSTRUCT STO...,D. Garcia
122,ORD-5657,"Jun 07, 2022",Navfac F.E.,"BIOT-121.17 N4008422F4422 X017 1638204, QF9006 &amp;ndash; R...",D. Garcia
123,ORD-5655,"Jun 07, 2022",Navfac F.E.,BIOT-121.12 N4008422F4366/N4008421R0079 X012  EPROJECT 15752...,D. Garcia
124,ORD-5637,"Apr 12, 2022",Usace H.H.,OCO-121 W912DY22D0053 GLOBAL USACE CONSTRUCTION FRR,CONUS OCONUS
125,ORD-5626,"Apr 21, 2022",Navfac F.E.,BIOT-121.08 N4008421R0001 - X008 EPROJECT 1380796 QF2132 - U...,D. Garcia
126,ORD-5622,"Apr 20, 2022",Navfac F.E.,BIOT-121.05 N4008422F4312 REPAIR RUNWAY EDGE LIGHTING SYSTEM,D. Garcia
127,ORD-5581,"Mar 30, 2022",Navfac F.E.,"BIOT-121.02 N4008421R0001-X004, eProject 1701534 REPLACE FSS...",D. Garcia
128,ORD-5532,"Sep 03, 2021",Navfac F.E.,BIOT-121 N4008421D0082/N4008421R0079 AEC DB DBB MACC,BIOT
129,ORD-5504,,Usace -.d.,"KUW-129.33 W912ER22F0043 (MADF), Geotechnical Survey, Mubara...",KUWAIT
130,ORD-5503,"Feb 04, 2022",Navfac E.,GRE-121 N6247022C0002 Communications Center - Souda Bay,GREECE
131,ORD-5429,"Oct 19, 2021",Usace -.d.,LEB-122 W912ER21C0021 Aquora National Training & Operational...,LEBANON
132,ORD-5416,"Oct 30, 2021",Usace -.d.,KUW-129.32 JO 0015 W912ER21F0177 Construction of CAB HQ,KUWAIT
133,ORD-5415,,Usace -.d.,KUW-129.31 W912ER21R2005 TIP-C Unclassified Warehouse CAKU_C...,"Camp Arifjan, Kuwait"
134,ORD-5414,"Oct 29, 2021",Usace -.d.,KUW-129.31 JO 0017 W912ER21F0178 TIP-C Unclassified Warehous...,"Camp Arifjan, Kuwait"
135,ORD-5410,,State-obo ,KUW-135 GE5019R0095 REPLACEMENT OF EXISTING ANTI-RAM HYDRAUL...,Kuwait
136,ORD-5404,"Nov 04, 2021",Usace -.d.,KUW-129.23 JO 0016 W912ER21F0179 STE Tent Vehicle Parking Co...,"Camp Buehring, Kuwait"
137,ORD-5380,"Oct 29, 2021",Usace -.d.,KUW-129.18  JO 0014 W912ER21F0162 DLA LAMS&Admin CAJ,"Camp Arifjan, Kuwait"
138,ORD-5369,"Sep 21, 2021",Usace -.d.,KUW-129.28 JO 0011  W912ER21F0152  Renovate Zone 1 Gym Floor...,"Camp Arifjan, Kuwait"
139,ORD-5342,"Sep 09, 2021",,KUW-129.14 JO 00008  W912ER21F0112 to Construct Electrical R...,"Camp Arifjan, Kuwait"
140,ORD-5328,"Nov 01, 2021",,"KUW-129.17 JO 0013  W912ER21F0161 CH-47 Weather Shelter B, C...","Camp Buehring, Kuwait"
141,ORD-5327,"Nov 01, 2021",,"KUW-129.16 JO 0012  W912ER21F0160  CH-47 Weather Shelter A, ...","Camp Buehring, Kuwait"
142,ORD-5325,"Sep 07, 2021",,KUW-129.20 JO 0006  W912ER21F0136 AJ21-0069 Asphalt Paving N...,"Camp Arifjan, Kuwait"
143,ORD-5324,"Sep 07, 2021",Usace -.d.,"KUW-129.22 JO 0005 W912ER21F0137 Pave Marshall, Truman, Kenn...","Camp Buehring, Kuwait"
144,ORD-5316,"Sep 10, 2021",Usace -.d.,KUW-129.25 JO 0009  W912R21F0145/ W912ER21R2011 Renovate Bui...,"Camp Arifjan, Kuwait"
145,ORD-5315,"Sep 20, 2021",Usace -.d.,KUW-129.29 JO 0010  W912ER21F0157 Welcome Sign ECP-2,"Camp Arifjan, Kuwait"
146,ORD-5314,"Nov 04, 2021",,KUW-129.19 JO 0007 W912ER21F0142 Patton Blvd Concrete Bike L...,"CAJ, Kuwait"
147,ORD-5270,"Sep 02, 2020",Navfac A.,BAH-122 N3319120D0009 Bahrain Mini-Multiple Award Constructi...,Bahrain
148,ORD-5265,"Jul 14, 2021",Navfac E.,BAH-122F X005 N3319121F4297 Provide Pre-Engineered Buildings...,"JEBEL ALI, UAE"
149,ORD-5213,"May 28, 2021",Usace -.d.,KSA-127 W912ER21C0015  Al Kharj Warehouse,KSA
150,ORD-5211,"Jul 13, 2021",Navfac E.A.,BAH-122C X0003 N3319121F4286 Design/Build Design/Build Repla...,"JEBEL ALI, UAE"
151,ORD-5210,"Jul 13, 2021",Navfac E.,BAH-122D  X0004 N3319121F4285 Design/Build Design/Build Prov...,"JEBEL ALI, UAE"
152,ORD-5193,"Jun 17, 2021",Usace-cetam-ct ,"KSA-126 W912ER21C0014 Khamis Simulator Facility,  Kingdom of...",KSA
153,ORD-5153,"Jun 08, 2021",Navfac A.,"ITA-121 N6247021C0003 P-759, Family Housing New Construction...","Vicenza, Italy"
154,ORD-5149,"Jun 27, 2021",380 E.C.,UAE-135F FA570621F0016 Construct Medical Group Sunshade,"Al Dhafra, UAE"
155,ORD-5147,"Jun 27, 2021",380 E.C.,UAE-135I FA570621F0020 Repair Alpha Ramp Tensile Structures,"Al Dhafra, UAE"
156,ORD-4982,"Mar 11, 2021",380 E.C.,UAE-135A FA570621F0010 Repair MOTown Switchgear,"AL DHAFRA, UAE"
157,ORD-4814,"Dec 23, 2020",Usace ,QTR-193 W912ER21C0005 - USACE AEC TRANS REGIONAL LOGISTICS C...,"AL UDEID AIR BASE, DOHA, QATAR"
158,ORD-4566,"Sep 24, 2020",380 E.C.,UAE-135 - FA570620D0204 MACC AL DHAFRA,"Al Dhafra, UAE"
159,ORD-4266,"Apr 30, 2020",Usace -.d.,KUW-129 W912ER20D0002 Kuwait Job Order Contract (JOC),Kuwait
160,ORD-4044,"Oct 01, 2019",Usaid ,"NEP-121C 4 Health Facilities &amp; 3 Schools, Sindhuli","Sindhuli, Nepal"
161,ORD-4043,"Dec 01, 2019",Usace -.V.,AF-009 Police Academy Female Staff College,Kabul Afghanistan
162,ORD-4042,"Jan 29, 2020",Usace -.d.,KUW-132 W912ER19R0021 Care and Preservation Vehicle Maintena...,"Camp Arifjan, Kuwait"
163,ORD-3966,"Dec 31, 2019",Usace ,AFG-151 UAE Embassy-Kabul,Kabul
164,ORD-3907,"Dec 14, 2019",Unique W.-.,Project Bd Check list,Rajkot
165,ORD-3742,"Sep 30, 2019",Usace -.d.,(KUW-132) W912ER-19-C-0018 Care and Preservation Vehicle Mai...,"Camp Arifjan, Kuwait"
166,ORD-3734,"Oct 28, 2019",Usace -.d.,(QTR-173) W912ER-19-C-0016 Consolidated Squadron Operations ...,"Al Udeid Air Base, QATAR"
167,ORD-3728,"Oct 10, 2019",Regional C.C.,W912D2-19-F-0060 HVAC Project 1915C and 1915H,"Camp Al Sayliyah, Qatar"
168,ORD-3627,"Sep 05, 2019",Regional C.C.,W912D2-19-F-0042 Aggregate Materials ,"Area Support Group Qatar S1 John Herring, US Armed Forces"
169,ORD-3618,"Aug 12, 2019",Regional C.C.,W912D1-18-D-0005 - Office Container Refurbishments,"Camp Arifjan, Kuwait"
170,ORD-3550,"Jul 21, 2019",Usaid ,72036719F00003 - Nepal Community Reconstruction Program (NRC...,"Sindhuli, Nepal"
171,ORD-3473,"Jul 01, 2019",414th C.-.,W56PFY19F0009 ASDS II MHE ETHIOPIA,Ethiopia
172,ORD-3427,"Apr 24, 2019",Regional C.C.,"W912D1-19-F-9002, Task Order No. 0011, Khabari Crossing, Rep...","Camp Arifjan, Kuwait"
173,ORD-2953,"Oct 21, 2018",Regional C.C.,(QR-170) W912D2-18-F-1838 CAS Light Pole LED Retrofit,"Camp As Sayliyah, Doha, Qatar"
174,ORD-2952,"Oct 21, 2018",Regional C.C.,(QR-168) W912D2-18-F-1837- High Bay LED Retrofit,"Camp As Sayliyah, Doha, Qatar"
175,ORD-2951,"Oct 21, 2018",Regional C.C.,(QR-165) W912D2-18-F-1829- Bird Deterrent,"Camp As Sayliyah, Doha, Qatar"
176,ORD-2890,"Oct 21, 2018",Regional C.C.,(QR-167) W912D2-16-D-0002-W912D218-F-1836 (Improve Patriot S...,"Camp As Sayliyah, Doha, Qatar"
177,ORD-2797,"Aug 07, 2018",Usace -.d.,W5J9JE18C0008 - (ANP) 17-001-MOI Complex Female Police Town ...,"Kabul, Afghanistan"
178,ORD-2623,"May 13, 2018",Usace -.(.,"W5J9JE18C0007 - ANA-17-026, Kabul National Military Hospital...","Kabul, Afghanistan"
179,ORD-2569,"Apr 13, 2018",Usace-cetam-ct ,W912ER18C0020 - Perimeter Security Fence,"Camp Arifjan, Kuwait"
180,ORD-2555,"Apr 25, 2018",Regional C.C.,"(QR-158) W912D2-16-D-0002-W912D218F1771, WATER CHILLERS CAS","Camp As Sayliyah, Doha, Qatar"
181,ORD-2532,"Apr 15, 2018",Regional C.C.,(QR-159) W912D2-16-D-0002-1760  Back-up Generator for Bldg 2...,"Camp As Sayliyah, Doha, Qatar"
182,ORD-2394,"Jan 23, 2018",Usace -.d.,W5J9JE-18-C-0003 - FEMALE POLICE TOWN PHASE I,"Kabul, Afghanistan"
183,ORD-2152,"Sep 26, 2017",Usace -.(.,W5J9JE-17-C-0007 - (ANA) Kabul National Military Hospital El...,"Kabul, Afghanistan"
184,ORD-1774,"May 10, 2016",Mvl G.,Cultural Village Project,"Dubai, UAE"
185,ORD-1715,"Jan 10, 2017",Regional C.C.,(QR-143)  W912D2-16-D-0002-1620  CAS Main Power Plant Expans...,"Camp As Sayliyah, Doha, Qatar"
186,ORD-1616,"Oct 04, 2016",Regional C.C.,W912D2-16-P-0035 Perimeter Barriers,"Camp As Sayliyah, Doha, Qatar"
187,ORD-1615,"Oct 04, 2016",Regional C.C.,(QR-139) W912D2-16-D-0002-1625 1-43 ADA TROPO Platform ,"Camp As Sayliyah, Doha, Qatar"
188,ORD-1614,"Oct 04, 2016",Regional C.C.,(QR-136) W912D2-16-D-0002-1601 Guard Tower 16 Demolition and...,"Camp As Sayliyah, Doha, Qatar"
189,ORD-1613,"Oct 04, 2016",Regional C.C.,(QR 137) W912D2-16-D-0002-1509 Hydraulic Barricades Refurbis...,"Camp As Sayliyah, Doha, Qatar"
190,ORD-1610,"Aug 31, 2016",Mvl G.,Subcontract for Fuel Tank Enhancement - Qatar,"Camp As Sayliyah, Doha, Qatar"
191,ORD-1608,"Sep 26, 2016",Regional C.C.,(QR 126) W912D2-16-D-0002-1602 Refurbish Guard Tower 17,"Camp As Sayliyah, Doha, Qatar"
192,ORD-1607,"Sep 23, 2016",Regional C.C.,"(QR 131) W912D2-16-D-0002-1609 Bird Deterrent Sys, Sunshade,...","Camp As Sayliyah, Doha, Qatar"
193,ORD-1595,"Sep 20, 2016",Regional C.C.,(QR 132) W912D2-16-D-0002-1513-CAS Road Marking Improvement ...,"Camp As Sayliyah, Doha, Qatar"
194,ORD-1594,"Sep 20, 2016",Regional C.C.,(QR 129) W912D2-16-D-0002-1519 Replacement Refrigeration Equ...,"Camp As Sayliyah, Doha, Qatar"
195,ORD-1593,"Sep 20, 2016",Regional C.C.,(QR 130) W912D2-16-D-0002-1613-Humidity Controlled Warehouse...,"Camp As Sayliyah, Doha, Qatar"
196,ORD-1592,"Sep 15, 2016",Usace -.(.,"W5J9JE-16-C-0013 - Afghan National Police, Police Academy Fe...","Kabul, Afghanistan"
197,ORD-1581,"Aug 31, 2016",Regional C.C.,W912D2-16-C-0115~Fuel Tank Enhancements at CAS-South,"Camp As Sayliyah, Doha, Qatar"
198,ORD-1569,"Aug 16, 2016",Mvl G.,MVL Group Office Related POs,Dubai
199,ORD-1428,"Mar 02, 2016",Mvl G.,MW-OCS,Worldwide
200,ORD-1192,"Jul 01, 2015",Mvl G.,MVL Firestop Bldg MaterialTrdg LLC,Middle East Region
201,ORD-1094,"Jun 15, 2015",Admiral ,MACRO DEFENSE PROPOSALS,GLOBAL
202,ORD-1005,"Apr 09, 2015",Mvl G.,MVL Trading,ALL
203,ORD-982,"Mar 19, 2015",Usace -.(.,MFNDU,"MFNDU - Kabul, Afghanistan"
204,ORD-781,"Nov 13, 2014",,AL DHAFRA,"Abu Dhabi, United Arab Emirates"
205,ORD-637,"Aug 23, 2014",Mvl G.,MOI-NPCC,"MOI NPCC Kabul, Afghanistan"
206,ORD-573,"Jul 20, 2014",Mvl G.,Delaram - Prime Scope,"Delaram, Afghanistan"
207,ORD-566,"Jul 06, 2014",,Khas kunar,"Khas Khunar, Afghanistan"
208,ORD-497,"Apr 03, 2014",,Delaram - Scope 2,"Delaram, Afghanistan"
209,ORD-256,"Sep 01, 2013",Ecc-i ,ECC-I_SHORABAK FIT OUT WORK_PO-913-480,"Shorabak, Afghanistan"
210,ORD-158,"May 01, 2013",Mvl G.,Delaram - Scope 1,"Delaram, Afghanistan"
