client,country
(Blank),United Arab Emirates
(glv) G.L.,Kuwait
0,United States
4i A.S.,United Arab Emirates
Aaa C.B.,United States
Aamtac C.L.,Saudi Arabia
Aarati M.,Nepal
Aasa M.E.,United Arab Emirates
Aashto r.,United States
Abana E.G.,Saudi Arabia
Abc P.W.,United Arab Emirates
Abdul K.C.,Afghanistan
Abdul Q.,Afghanistan
Abdul R.H.,Afghanistan
Abdulaziz a.S.,United Arab Emirates
Abdulla A.M.,United Arab Emirates
Abdullah H.I.,United Arab Emirates
Abdullah M.E.,United Arab Emirates
Abeer M.A.,Saudi Arabia
Abhiyan H.C.,Nepal
Abu D.P.,United Arab Emirates
Accent O.S.,United Arab Emirates
Accura,United Arab Emirates
Ace C.E.,United States
Acec s.,Lebanon
Acp I.,United States
Acrefine E.S.,United Kingdom
Acudor P.I.,United States
Adam K.C.,Afghanistan
Adelta C.,United States
Adhwa A.Z.,United Arab Emirates
Advance P.&.,United States
Advanced C.T.,Qatar
Adventz R.&.,United Arab Emirates
Ael,United Kingdom
Aerodyne C.S.,Qatar
Afghanistan C.C.,Afghanistan
Afi E.,United Arab Emirates
Agni I.P.,Nepal
Ahi C.F.,United Arab Emirates
Aikah G.T.,United Arab Emirates
Aimal K.,Afghanistan
Aimix G.C.,China
Akbar M.G.,Afghanistan
Aklaniat T.L.,Saudi Arabia
Akma G.T.,United Arab Emirates
Akshtech T.W.,Bahrain
Al A.A.,United States
Al A.C.,United Arab Emirates
Al A.F.,Qatar
Al A.H.,United Arab Emirates
Al A.M.,United Arab Emirates
Al A.T.,United Arab Emirates
Al B.&.,United Arab Emirates
Al B.A.,United Arab Emirates
Al B.F.,United Arab Emirates
Al B.V.,United Arab Emirates
Al D.B.,United Arab Emirates
Al D.T.,United Arab Emirates
Al E.T.,United Arab Emirates
Al F.A.,United Arab Emirates
Al F.B.,United Arab Emirates
Al F.E.,United Arab Emirates
Al F.P.,United Arab Emirates
Al F.T.,United Arab Emirates
Al G.C.,United Arab Emirates
Al G.F.,United States
Al G.S.,United States
Al H.L.,United Arab Emirates
Al H.M.,United Arab Emirates
Al H.P.,United Arab Emirates
Al I.G.,United Arab Emirates
Al K.A.,United States
Al K.C.,United Arab Emirates
Al K.G.,United Arab Emirates
Al K.I.,United Arab Emirates
Al K.M.,United Arab Emirates
Al M.A.,United Arab Emirates
Al M.B.,United Arab Emirates
Al M.C.,United Arab Emirates
Al M.E.,United Arab Emirates
Al M.H.,United Arab Emirates
Al M.P.,United Arab Emirates
Al N.T.,United Arab Emirates
Al O.T.,United Arab Emirates
Al R.S.,United States
Al R.T.,United Arab Emirates
Al S.,United Arab Emirates
Al S.B.,United Arab Emirates
Al S.C.,Nepal
Al S.F.,United States
Al S.I.,United Arab Emirates
Al S.M.,United Arab Emirates
Al S.T.,United Arab Emirates
Al S.V.,United Arab Emirates
Al T.D.,United Arab Emirates
Al T.E.,United Arab Emirates
Al T.M.,United Arab Emirates
Al T.T.,United Arab Emirates
Al W.C.,United Arab Emirates
Al Y.E.,United Arab Emirates
Al Y.L.,United Arab Emirates
Al Z.G.,United Arab Emirates
Al-faisal S.P.,Saudi Arabia
Al-hadabah I.C.,Kuwait
Al-wasat A.B.,Saudi Arabia
Alaina E.S.,Qatar
Alam A.,United Arab Emirates
Alamzouy B.C.,Afghanistan
Alc A.L.,United Arab Emirates
Alelham C.L.,United Arab Emirates
Alert T.P.,Nepal
Ali A.&.,United Arab Emirates
Ali M.A.,United Arab Emirates
Align E.W.,United Arab Emirates
Allcad S.L.,United Arab Emirates
Allen T.S.,United States
Alliance I.,India
Allied M.L.,Afghanistan
Almarwad I.,Kuwait
Almi I.F.,United Arab Emirates
Alpha L.T.,United Arab Emirates
Alpha T.I.,United Arab Emirates
Alphatech E.S.,Qatar
Alwan Z.T.,United Arab Emirates
Alwhda A.T.,United Arab Emirates
Amazon,United Arab Emirates
Amazon.ae,United Arab Emirates
Ambyth S.&.,United States
American C.I.,United States
American I.S.,United States
Americana S.,United States
Americas B.E.,United States
Amjad G.G.,Kuwait
Analog G.T.,United Arab Emirates
Anand S.I.,India
Anaum M.E.,United Arab Emirates
Anbi G.T.,United Arab Emirates
Ancd -.A.,Qatar
Andal B.T.,Spain
Andrea T.S.,United Arab Emirates
Angelus B.C.,United States
Anigma T.,United Arab Emirates
Anthesis M.E.,United Arab Emirates
Anwar A.M.,United Arab Emirates
Apothecaries S.M.,India
App M.,United States
Aptec A.P.,United Arab Emirates
Arab L.G.,Qatar
Arab S.,Qatar
Arab S.C.,Qatar
Arabi C.W.,Kuwait
Arabian E.C.,United Arab Emirates
Arabian E.S.,United Arab Emirates
Arabian F.E.,United Arab Emirates
Arabian G.S.,United Arab Emirates
Arabian I.I.,United Arab Emirates
Arabian T.A.,United Arab Emirates
Arak I.T.,Saudi Arabia
Aramish E.C.,Afghanistan
Arb A.&.,United Arab Emirates
Arcelor M.P.,United Arab Emirates
Arcelormittal D.F.,United Arab Emirates
Architectural M.D.,United Arab Emirates
Arcoma S.&.,Saudi Arabia
Arj W.T.,United Arab Emirates
Arrow P.&.,United Arab Emirates
Arsel E.S.,Turkey
Art A.T.,United Arab Emirates
Aryan I.C.,Kuwait
As K.&.,United Arab Emirates
Asem F.E.,Saudi Arabia
Asia E.M.,United Arab Emirates
Asmatullah,Afghanistan
Ast D.P.,United Arab Emirates
Astic G.T.,United Arab Emirates
Astronergy N.E.,China
Ate I.B.,United Arab Emirates
Atlas P.P.,Afghanistan
Autorent C.R.,United Arab Emirates
Avcond G.T.,United Arab Emirates
Avone S.&.,Nepal
Aw R.L.,United Arab Emirates
Ay A.O.,United Arab Emirates
Ayenda S.P.,United Kingdom
Aziz U.N.,Afghanistan
B. &.B.,Nepal
B.r.impex T.L.,Nepal
Baba M.F.,Nepal
Bafco T.L.,United Arab Emirates
Bahmani G.T.,United Arab Emirates
Bahra A.C.,India
Bait A.F.,United Arab Emirates
Balwan C.a.,Afghanistan
Baniya G.,Nepal
Baniya N.S.,Nepal
Baniya S.P.,Nepal
Baniyas C.P.,United Arab Emirates
Basf C.C.,United Arab Emirates
Basf K.P.,United Arab Emirates
Bath N.R.,Nepal
Bayer P.L.,United Arab Emirates
Baymak M.S.,Turkey
Belhasa M.C.,United Arab Emirates
Benfield E.I.,United States
Berry T.L.,United Arab Emirates
Bestway H.E.,United Arab Emirates
Big E.T.,United States
Big T.M.,United States
Big T.S.,United States
Bigbyte I.W.,Nepal
Bigfoot C.C.,United States
Bin D.G.,United Arab Emirates
Bin M.&.,United Arab Emirates
Bio-safety S.P.,Singapore
Bitumat C.L.,Saudi Arabia
Bivac N.A.,United States
Black B.T.,United Arab Emirates
Black C.C.,United Arab Emirates
Blk C.&.,United States
Blue C.F.,United Arab Emirates
Blue L.E.,United Arab Emirates
Blue L.T.,United Arab Emirates
Bm M.E.,United Arab Emirates
Bmet B.M.,United Arab Emirates
Bms B.S.,United Arab Emirates
Boecker,United Arab Emirates
Booth P.C.,United States
Bristol F.E.,United Arab Emirates
British L.K.,Kuwait
Buildact F.L.,United Arab Emirates
Builders C.,United States
Builders F.C.,United States
Bureau V.,United Arab Emirates
Bureau V.D.,United Arab Emirates
Bureau V.N.,United States
Burhani C.T.,United Arab Emirates
C.g. I.P.,Nepal
Cal-cert C.,United States
Cala L.S.,Afghanistan
Campbridge T.a.,Qatar
Capstone C.F.,United Arab Emirates
Carpet M.&.,United States
Carrier S.C.,Qatar
Carswell B.S.,United States
Century M.S.,United Arab Emirates
Century P.P.,United Arab Emirates
Chigo A.C.,South Africa
Chocolala A.B.,United Arab Emirates
Chongqing M.B.,China
Cimmaron I.C.,United States
City E.S.,United States
Cla-val E.S.,Switzerland
Class W.C.,United Arab Emirates
Cleantech G.F.,United Arab Emirates
Clic N.I.,Kuwait
Cloud L.T.,United Arab Emirates
Cms -.G.,United Arab Emirates
Codegreen S.,United Arab Emirates
Columbus W.W.,United States
Comefri F.S.,Turkey
Commerce i.L.,Afghanistan
Consort A.H.,United Arab Emirates
Construction C.S.,United Arab Emirates
Construction M.C.,United Arab Emirates
Construction S.(.,United Arab Emirates
Contec I.P.,United States
Contractors S.C.,Saudi Arabia
Cool T.,United Arab Emirates
Coolex F.A.,Qatar
Cooper C.L.,United States
Copy E.,United States
Core E.S.,Greece
Cortem G.F.,United Arab Emirates
Cortem M.E.,United Arab Emirates
Cosmos G.T.,United Arab Emirates
Cps E.,United States
Cra T.L.,United States
Creative C.C.,United Arab Emirates
Creo L.C.,Qatar
Cresco M.E.,United Arab Emirates
Cresset C.C.,United States
Crossweld M.T.,United Arab Emirates
Crown C.C.,Afghanistan
Crux T.L.,United Arab Emirates
Crystal A.F.,United Arab Emirates
Crystal M.L.,United Arab Emirates
Cummins A.K.,Kuwait
Dakuta T.,Bahrain
Dalal S.I.,Egypt
Daltile C.,United States
Dana E.,United Arab Emirates
Dateline E.I.,United States
Delma I.S.,United Arab Emirates
Delta B.C.,Saudi Arabia
Delta D.A.,Saudi Arabia
Delta S.C.,Saudi Arabia
Deluxe P.,United Arab Emirates
Deluxe S.S.,United Arab Emirates
Denair E.S.,China
Designtex T.L.,United Arab Emirates
Diamondlease L.,United Arab Emirates
Diversified L.F.,Saudi Arabia
Dnv B.A.,United Arab Emirates
Dogan T.O.,Turkey
Doha T.L.,Qatar
Don C.P.,United Arab Emirates
Dongguan H.W.,China
Dormakaba M.E.,United Arab Emirates
Dream C.A.,United Arab Emirates
Dubai C.C.,Afghanistan
Ducast F.-.,United Arab Emirates
Ductmate I.I.,Japan
Duran B.,Afghanistan
Durob G.T.,United Arab Emirates
Dutco T.L.,United Arab Emirates
Dutest I.E.,United Arab Emirates
Dutest Q.W.,United Arab Emirates
Dyna S.L.,United Kingdom
E M.T.,United Arab Emirates
Eaton F.,United Arab Emirates
Eben J.C.,United Arab Emirates
Ecc-i,United Arab Emirates
Ecs G.W.,United Arab Emirates
Edcos I.,United States
Egam B.&.,United Arab Emirates
Ej U.I.,United States
Ekon H.E.,China
Elcometer L.,United Arab Emirates
Electric C.S.,United States
Electric L.S.,United States
Electric h.,United States
Electrical A.M.,Saudi Arabia
Element C.T.,Singapore
Elemko S.,Greece
Elfit A.T.,Saudi Arabia
Elia T.C.,Afghanistan
Elpim E.C.,Turkey
Eltrak S.,Greece
Emaar P.C.,Turkey
Emirates I.P.,United Arab Emirates
Emirates P.P.,United Arab Emirates
Emsi I.,United States
Endurance B.,United States
Engineer P.C.,Nepal
Engineered C.S.,United States
Engineering S.C.,Qatar
Enventrol,United Arab Emirates
Erse K.&.,Turkey
Esco M.P.,Singapore
Etihad f.C.,Qatar
Euro S.L.,Qatar
Eurofire F.&.,United Arab Emirates
Evangel I.M.,China
Everest I.C.,Nepal
Excavation &.C.,Qatar
Excel E.T.,United Arab Emirates
Excel F.G.,United Arab Emirates
Exterior T.I.,United States
Extol I.F.,United Arab Emirates
Extol I.T.,United Arab Emirates
Factory P.P.,Saudi Arabia
Fahim. C.,Afghanistan
Faisal J.I.,United Arab Emirates
Faizi M.C.,United Arab Emirates
Fakhri &.B.,United Arab Emirates
Falcon E.L.,Afghanistan
Falcon G.L.,Afghanistan
Fantastic E.F.,United Arab Emirates
Fara S.C.,Afghanistan
Farid H.C.,Afghanistan
Farnas G.T.,United Arab Emirates
Fastener P.L.,United Arab Emirates
Fastwin G.C.,China
Fawaz R.&.,Saudi Arabia
Fekratek A.R.,Saudi Arabia
Ferguson E.L.,United States
Ferooz F.S.,Afghanistan
Filpro S.P.,India
Financial a.M.,United Kingdom
Fine T.T.,United Arab Emirates
Fire F.T.,United Kingdom
Fireflow T.S.,Qatar
Firmac I.L.,United Arab Emirates
Five S.G.,United States
Flight L.I.,United States
Flint E.,United States
Floorworld L.,United Arab Emirates
Fluids S.,Turkey
Focus A.C.,United Arab Emirates
Foldn S.T.,United Arab Emirates
Former a.b.,United Arab Emirates
Formula T.S.,Greece
Foshan I.T.,China
Foshan L.F.,China
Foshan S.E.,China
Foshan S.M.,China
Foundation B.M.,United States
Fox L.a.,United Arab Emirates
Framaco I.I.,Qatar
France M.,Egypt
France M.G.,Egypt
Francis S.L.,United Kingdom
Frank S.M.,United Arab Emirates
Franklin F.S.,Germany
Ftc Q.W.,United Arab Emirates
Fuelco F.,United Arab Emirates
Fujairah R.F.,United Arab Emirates
Fujeira R.F.,United Arab Emirates
Future P.I.,United Arab Emirates
G.a. B.(.,Nepal
G.a. B.P.,Nepal
Galaxy A.G.,United Arab Emirates
Galvacoat I.,United Arab Emirates
Gamma S.,Italy
Gandhi A.P.,United Arab Emirates
Gasos,United Arab Emirates
Gateway C.L.,United Arab Emirates
Gazzaoui &.P.,Qatar
Gcc D.L.,United Arab Emirates
Gcp I.S.,United Arab Emirates
Geco E.E.,United Arab Emirates
Gem I.E.,United Arab Emirates
Gemmo S.,Italy
Gems S.L.,United Arab Emirates
General M.S.,Nepal
Generex A.o.,Lebanon
Geo-engineering &.T.,United States
Gerpa E.T.,Turkey
Getmax,United Arab Emirates
Gh C.A.,United States
Gham P.N.,Nepal
Ghandi A.P.,India
Ghbs (.,United Arab Emirates
Ghullam A.L.,Afghanistan
Giatec S.I.,Canada
Gibraltar P.S.,United States
Giico-gulf I.I.,United States
Glen D.I.,Ireland
Global D.L.,Afghanistan
Global F.I.,Afghanistan
Global S.L.,Afghanistan
Global S.V.,Afghanistan
Globus E.,Nepal
Gmark M.E.,United Arab Emirates
Gmg D.T.,United Arab Emirates
Go S.E.,Nepal
Godawari S.P.,Nepal
Golden C.C.,Afghanistan
Golden T.T.,Afghanistan
Golf I.C.,Qatar
Gorkha E.R.,Niger
Gorkha P.A.,Niger
Grace L.L.,United Arab Emirates
Grand S.C.,China
Gravani L.,Greece
Graybar E.C.,United States
Green F.T.,United Arab Emirates
Greenheck F.C.,United States
Greer R.C.,United States
Greetly,United States
Gsd C.F.,United Arab Emirates
Guam A.,United States
Guam G.I.,United States
Guangdong Y.O.,China
Guangzhou P.T.,China
Gulf C.S.,Saudi Arabia
Gulf F.T.,Saudi Arabia
Gulf I.G.,Saudi Arabia
Gulf O.&.,Saudi Arabia
Gulf O.L.,Saudi Arabia
Gulf S.S.,Saudi Arabia
Gulf T.,Saudi Arabia
Gypsemna C.,United Arab Emirates
H&m M.C.,United States
Haji C.C.,United Arab Emirates
Haji G.S.,United Arab Emirates
Halliday P.I.,United States
Hamad B.K.,Qatar
Hamd G.,Afghanistan
Hamidullah,Afghanistan
Hangzhou C.P.,China
Hansraj H.a.,Nepal
Hariom I.&.,India
Harrington I.P.,United States
Hashmatkhan S.,Afghanistan
Haste T.L.,United Arab Emirates
Haven F.&.,United Arab Emirates
Hbcc -.H.,United Arab Emirates
Hd S.&.,United States
Hebei D.G.,United Arab Emirates
Heely-brown C.,United States
Helmsman Q.&.,China
Henan X.E.,China
Henan Y.M.,China
Heritage N.,Nepal
Hidayath H.I.,United Arab Emirates
High S.C.,United Arab Emirates
High V.I.,United Arab Emirates
Highrise T.A.,Qatar
Hightech I.T.,Kuwait
Hilong P.P.,United Arab Emirates
Hilti E.L.,United Arab Emirates
Hilti K.G.,United Arab Emirates
Hira I.L.,United Arab Emirates
Hk P.,United Arab Emirates
Hk T.P.,Nepal
Hk Y.E.,United Arab Emirates
Holbrook P.S.,United States
Home D.U.,United States
Honeywell I.M.,United Arab Emirates
Hull W.,United States
Humboldt M.C.,United States
Hydam I.L.,United Arab Emirates
Hyperactive T.L.,United Arab Emirates
I.g.karakatsanis &.C.,Greece
Ibis M.E.,India
Ideal F.L.,United Arab Emirates
Idt I.D.,United Arab Emirates
Ig G.T.,United Arab Emirates
Ikea D.,United Arab Emirates
Ikizler A.A.,Turkey
Impresa P.S.,Italy
Indian S.C.,India
Indigo P.S.,United States
Industrial E.C.,Kuwait
Industrial E.P.,Kuwait
Industrial S.P.,Kuwait
Industrial T.W.,Kuwait
Installation I.2.,Qatar
Integrated C.S.,Canada
Intelligent b.t.,United Arab Emirates
Intercool C.A.,United Arab Emirates
International B.R.,United States
International C.I.,United States
International C.T.,United States
International F.T.,United States
International R.D.,United States
Interplast C.L.,United Arab Emirates
Intertek I.P.,United Arab Emirates
Invent E.C.,Afghanistan
Isam K.&.,United Arab Emirates
Isam K.T.,United Arab Emirates
Isra M.E.,United Arab Emirates
It P.C.,United Arab Emirates
Izocam T.V.,Turkey
IŞil M.M.,Turkey
J.m.t. G.P.,Nepal
Jabal C.C.,Saudi Arabia
Jack R.&.,United States
Jasim A.Z.,United Arab Emirates
Javed W.A.,Afghanistan
Jay R.S.,United States
Jaya O.S.,Nepal
Jazeera P.,Saudi Arabia
Jeraisy R.H.,Saudi Arabia
Jet F.S.,United States
Jgb I.G.,United States
Jiangsu R.E.,Afghanistan
Jijibla T.L.,United Arab Emirates
Jjs T.S.,United States
Johnson A.L.,United Arab Emirates
Joint G.B.,Saudi Arabia
Jotun,Afghanistan
Jotun P.C.,Afghanistan
Jubaili B.,Afghanistan
Jubaili B.L.,Afghanistan
Junaid S.E.,United Arab Emirates
Jw S.H.,United States
K.a. K.&.,Saudi Arabia
K.walters G.I.,Japan
Kabul A.C.,United Arab Emirates
Kad D.C.,United Arab Emirates
Kamal B.C.,Afghanistan
Karyer A.R.,United Arab Emirates
Kaspertech G.T.,United Arab Emirates
Katkuwa S.,Nepal
Kaufman T.L.,United States
Kbe G.(.,United Arab Emirates
Kbe S.A.,United Arab Emirates
Keen E.T.,United Arab Emirates
"Kele, I.",United States
Keller A.I.,United States
Kelly &.H.,United States
Kepco B.M.,United Arab Emirates
Keyless S.S.,United Arab Emirates
Khaldoon F.F.,Saudi Arabia
Khaled A.J.,Saudi Arabia
Khan B.,Pakistan
Khan C.C.,Pakistan
Khan E.C.,Pakistan
Khereiji S.C.,Saudi Arabia
Kinetics M.E.,United Arab Emirates
King P.C.,United Arab Emirates
Kingertai I.C.,China
Kirby B.S.,Jordan
Kirby C.C.,Jordan
Kludi R.L.,United Arab Emirates
Knauf L.,United Arab Emirates
Koh B.L.,Nepal
Komplet A.,United States
Krossover G.T.,United Arab Emirates
Krystal C.C.,United Arab Emirates
Kyoto T.,United Arab Emirates
Labtech M.e.,United Arab Emirates
Lakshmi M.T.,United Arab Emirates
Lamphere C.L.,United States
Larson E.L.,United States
Lascar E.I.,United States
Layher F.,United Arab Emirates
Leeds S.C.,Singapore
Leica G.I.,United States
Leminar A.C.,United Arab Emirates
Lift N.S.,United Arab Emirates
Limpex T.L.,United Arab Emirates
Linetech T.L.,United Arab Emirates
Lockmasters I.,United States
Logix D.S.,Nepal
Lomeq T.S.,United Arab Emirates
Lowes,United States
Lucent D.N.,Nepal
Lulu P.C.,Qatar
Lutfudden,Afghanistan
M. S.A.,United Arab Emirates
M.a.h.y. K.&.,United Arab Emirates
Mabani S.L.,United Arab Emirates
Macec -.M.,Afghanistan
Macro V.L.,Lebanon
Madar E.F.,United Arab Emirates
Mainawal R.,Afghanistan
Majid B.B.,United Arab Emirates
Managed S.L.,United States
Mangalam U.P.,Nepal
Manlift Q.W.,Qatar
Mannington M.I.,United Arab Emirates
Mapei C.,United States
Mariam T.C.,Saudi Arabia
Marine S.L.,United States
Masdar T.S.,Saudi Arabia
Maseelah T.C.,Kuwait
Massida S.P.,Ethiopia
Matco I.L.,United Arab Emirates
Materials T.I.,Germany
Max T.E.,United Arab Emirates
Maxell I.L.,United Arab Emirates
Maxim H.R.,United States
Mazout D.F.,United Arab Emirates
Mba S.T.,United Arab Emirates
Mcelroy M.,United States
Medal B.E.,Afghanistan
Meka,Turkey
Meka G.,Turkey
Mena E.A.,United Arab Emirates
Merchant I.I.,United Arab Emirates
Mercury S.I.,United Arab Emirates
Metal a.M.,United Arab Emirates
Metron C.&.,Qatar
Metron I.,Qatar
Microless,United Arab Emirates
Midas S.,United Arab Emirates
Middle E.I.,United Arab Emirates
Middle E.S.,Italy
Midway C.T.,United Arab Emirates
Mig I.S.,United Arab Emirates
Milli F.,Afghanistan
Mirai C.L.,Singapore
Misar T.C.,United Arab Emirates
Mission F.L.,United Arab Emirates
Modena M.T.,United Arab Emirates
Modernity T.f.,Saudi Arabia
Modulus M.S.,Turkey
Mohamed A.A.,Kuwait
Mohammadi S.,Afghanistan
Monje,United States
Morex I.,United States
"Morex, I.",United States
Morrico E.L.,United States
Mozoon A.F.,United Arab Emirates
Mtb Q.C.,United Arab Emirates
Muddy F.L.,United States
Multitech C.S.,Nepal
Mustafa. C.2.,Afghanistan
Mvl F.B.,United States
Mvl G.,United Arab Emirates
Naffco K.,United Arab Emirates
Nanjing G.S.,China
Nariman T.C.,United Arab Emirates
Nase A.S.,United Arab Emirates
National F.F.,United Arab Emirates
National P.&.,United Arab Emirates
National P.F.,United Arab Emirates
National R.C.,United Arab Emirates
Navin D.P.,Nepal
Ncr E.,Nepal
Nemer M.I.,Qatar
Nepal F.a.,Nepal
Nepal S.I.,Nepal
Neptune C.,United Arab Emirates
New B.T.,Nepal
New H.B.,United Arab Emirates
New S.O.,United Arab Emirates
Newberry T.&.,United States
Niazi C.A.,United Arab Emirates
Ningbo U.E.,China
Nishat G.C.,United Arab Emirates
Noon.com,United Arab Emirates
Norson C.I.,Pakistan
Nouri I.E.,Kuwait
Nourth M.T.,United Arab Emirates
Novinsimia. C.,Afghanistan
Nucleus M.C.,India
Nucor R.F.,United States
Nuween G.c.,Afghanistan
Nvent E.p.,United States
Oasis M.M.,United Arab Emirates
Obaid M.B.,United Arab Emirates
Obo W.a.,United Arab Emirates
Odores M.L.,United States
Office M.D.,United Arab Emirates
Office O.L.,United Arab Emirates
Ohio G.C.,United Arab Emirates
Oiltrak S.L.,United States
Oman C.I.,Oman
Oman G.C.,Oman
Omran G.C.,Afghanistan
Onenet D.S.,Greece
Onezone I.T.,Qatar
Onmuse (.S.,China
Ope E.D.,United Arab Emirates
Opkons Y.V.,Turkey
Orient U.(.,United Arab Emirates
Oriental T.C.,Qatar
Oriflow,United States
Ortiz C.G.,United States
Oryx T.,Saudi Arabia
Oyo C.P.,United States
Ozler F.a.,Turkey
O’donnell M.D.,United States
Pacific I.I.,United States
Pamir A.S.,Afghanistan
Pamir G.S.,Afghanistan
Panchakanya P.I.,Nepal
Panchakanya S.S.,Nepal
Panel T.E.,United Arab Emirates
Panelsan R.&.,Turkey
Parsons,United States
Parth I.P.,Nepal
Peace C.,China
Pelsan E.S.,Turkey
Penn S.P.,United States
Perfect P.B.,United Arab Emirates
Permaloc C.,United States
Petra A.C.,Saudi Arabia
Petrocoat C.C.,United Arab Emirates
Petroutsos B.L.,Greece
Pioneer E.(.,Nepal
Pishtazan S.K.,Afghanistan
Pitsan M.S.,Turkey
Point A.D.,United Arab Emirates
Power C.,United Arab Emirates
Power E.M.,United Arab Emirates
Power P.F.,United Arab Emirates
Power S.T.,United Arab Emirates
Powerfit I.P.,Singapore
Powerman I.W.,Qatar
Powertech,Qatar
Ppe S.P.,United States
Prasid I.C.,Nepal
Precise T.(.,United Arab Emirates
Precision M.I.,United Arab Emirates
Precision S.C.,United Arab Emirates
Presto T.T.,United Arab Emirates
Price M.G.,United Arab Emirates
Pride K.C.,Afghanistan
Prime A.I.,United Arab Emirates
Prime C.I.,United Arab Emirates
Prime F.K.,United Arab Emirates
Prime S.I.,United Arab Emirates
Prime T.T.,United Arab Emirates
Printek S.,United Arab Emirates
Priority O.P.,United States
Prism T.E.,United Arab Emirates
Procurement &.G.,United States
Professional N.A.,United Arab Emirates
Promotional L.,United Arab Emirates
Prosol P.S.,Qatar
Public B.,Greece
Publika B.&.,United Arab Emirates
Puget S.P.,United States
Pure S.,Saudi Arabia
Qatar I.F.,Qatar
Qatar P.F.,Qatar
Qatar T.A.,Qatar
Qingdao C.C.,China
Qmi B.M.,United States
Qpro T.&.,Qatar
Quality P.C.,United Arab Emirates
R&i E.,United Arab Emirates
R.a.k. C.,United Arab Emirates
R.k. S.A.,Nepal
Rahim G.C.,Afghanistan
Rajay I.L.,United Arab Emirates
Rak C.,United Arab Emirates
Rak M.E.,United Arab Emirates
Rapid S.(.,China
Raqmiyat L.,United Arab Emirates
Rarus I.P.,Nepal
Rastra B.C.,Nepal
Rawlplug M.E.,United Arab Emirates
Rayan,Afghanistan
Rcl I.S.,United Arab Emirates
Real E.C.,Afghanistan
Reda S.,Saudi Arabia
Redland C.C.,United Arab Emirates
Reliable C.F.,United Arab Emirates
Reliance P.C.,Afghanistan
Remi E.L.,India
"Repss, I.",United States
Rig S.F.,United Arab Emirates
Right C.E.,United Arab Emirates
Rivyv T.,India
Rmb G.R.,United Arab Emirates
Rnk I.,United States
Road L.T.,Qatar
Rock-n-rescue,United States
Rockland T.C.,United Arab Emirates
Rodelio M.,United States
Roma E.(.,United Arab Emirates
Royal S.P.,United Arab Emirates
Rssi B.L.,United States
Rubaiya Z.B.,United Arab Emirates
Rukin A.B.,United Arab Emirates
Rukin A.F.,United Arab Emirates
Ruskin (.C.,Thailand
Ruskin T.G.,Thailand
Ruya P.V.,Turkey
S &.R.,Greece
S&b I.L.,United Arab Emirates
S.k.m. A.C.,United Arab Emirates
S.tech E.&.,Nepal
Saeed S.K.,United Arab Emirates
Safety 1.S.,Central African Republic
Safety W.F.,Central African Republic
Sahar T.C.,United Arab Emirates
Sahari G.o.,Uganda
Sahas I.T.,Nepal
Sahraa A.R.,Kuwait
Said T.A.,United Arab Emirates
Salam M.C.,Afghanistan
Salco T.&.,Qatar
Saleh Z.A.,Saudi Arabia
Salem B.H.,Qatar
Salsbury I.,Japan
Salzer G.,Germany
Samita E.,Nepal
Sams G.T.,United Arab Emirates
Sangachhe T.C.,Nepal
Sappco D.F.,Saudi Arabia
Saptex I.P.,Saudi Arabia
Saqf S.C.,Afghanistan
Sas e.B.,United Arab Emirates
Sashi I.U.,Nepal
Saudi M.C.,Saudi Arabia
Saudi R.M.,Saudi Arabia
Saudi V.C.,Saudi Arabia
Saudicast- T.I.,Saudi Arabia
Savitri L.,United Kingdom
Sayed T.,Afghanistan
Saygan G.S.,United States
Sazand E.S.,Afghanistan
Sazand G.C.,Afghanistan
Sbk O.S.,United Arab Emirates
Sbs,United States
Scales G.T.,United Arab Emirates
Scott &.F.,United States
Sefatullah N.W.,Afghanistan
Sel C.R.,United Arab Emirates
Servetech M.E.,United Arab Emirates
Setaf I.L.,Turkey
Seval K.,Turkey
Seven P.S.,Nepal
Sgs G.L.,United Arab Emirates
Shah C.C.,Afghanistan
Shahbaz A.C.,Afghanistan
Shandong F.A.,United Arab Emirates
Shandong J.E.,United Arab Emirates
Shandong R.E.,United Arab Emirates
Shanghai B.C.,China
Shanghai G.H.,China
Shanghai Y.E.,China
Shark C.I.,Japan
Sharp M.E.,United Arab Emirates
Shenzhen K.T.,China
Sher A.S.,United Arab Emirates
Sherwin W.P.,United Arab Emirates
Shivam T.,Nepal
Shokrullah M.C.,Afghanistan
Showa S.C.,Japan
Shuja N.C.,Afghanistan
Sign B.L.,United Arab Emirates
Sign K.I.,United Arab Emirates
Signmax T.W.,Qatar
Simones N.P.,Nepal
Simtex I.P.,India
Sinmar C.L.,Saudi Arabia
Site &.P.,United Arab Emirates
Sky P.T.,United Arab Emirates
Skyhigh L.&.,United States
Skylight E.W.,United Arab Emirates
Smajayu (.C.,United States
Smart C.D.,United Arab Emirates
Smart D.S.,Greece
Smart E.S.,United Arab Emirates
Smart S.T.,United Arab Emirates
Smile C.,United Arab Emirates
Smith I.G.,United Arab Emirates
Smith M.,United Arab Emirates
Smithbridge G.,United States
Smk U.I.,United Arab Emirates
Smka E.L.,United Arab Emirates
Sodamco E.F.,United Arab Emirates
Sodamco S.A.,United Arab Emirates
Sohail M.C.,Afghanistan
Solatube I.I.,United States
Sonya P.&.,United Arab Emirates
Sotoon G.O.,Afghanistan
South-tek S.L.,United States
Specialists C.,Afghanistan
Spectrum W.M.,United Arab Emirates
Spillco L.,United Arab Emirates
Squires L.C.,United States
Srg T.L.,United Arab Emirates
Staines I.G.,Kuwait
Star L.T.,United Arab Emirates
Star W.G.,United Arab Emirates
Stars G.C.,United Arab Emirates
Stars P.S.,United Arab Emirates
Statica P.E.,Turkey
Stationerydubai,United Arab Emirates
Steelforce M.T.,United Arab Emirates
Steeltech F.T.,Qatar
Stego I.L.,United States
Stoncor M.E.,United Arab Emirates
Storage B.S.,United States
Sts E.,United Arab Emirates
Studio 5.C.,United Arab Emirates
Su Z.J.,Nepal
Subhan G.C.,Afghanistan
Summit F.C.,United States
Sunlight E.S.,Afghanistan
Sunshine S.C.,United States
Super S.L.,United Arab Emirates
Supertron I.T.,United Arab Emirates
Supreme T.,Qatar
Sustainable S.L.,United States
Suzhou W.L.,China
Synergy B.S.,United Arab Emirates
Synosys T.L.,United Arab Emirates
Systemair M.E.,United Arab Emirates
T S.S.,United Arab Emirates
Tadmur T.W.,Qatar
Tatekan C.C.,Afghanistan
Tatekan C.a.,Afghanistan
Taylor S.&.,United States
Team f.R.,Afghanistan
Techmind S.L.,United Arab Emirates
Technical I.S.,United Arab Emirates
Technofab S.F.,United Arab Emirates
Technopro M.E.,United Arab Emirates
Technos M.L.,United Arab Emirates
Techtrade M.E.,United Arab Emirates
Techtrade S.,United Arab Emirates
Techtradedoors T.L.,United Arab Emirates
Tecnicas E.S.,Spain
Tecon L.L.,United Arab Emirates
Tekmark I.F.,United Arab Emirates
Teko G.T.,United Arab Emirates
Tengzhou H.M.,China
Tetra T.,United States
The E.L.,United Arab Emirates
The L.G.,United States
The M.A.,United Arab Emirates
The Q.C.,United States
The S.C.,United States
The U.W.,United Arab Emirates
Thermal I.C.,United Arab Emirates
Thomas &.B.,United Arab Emirates
Three C.S.,United Arab Emirates
Tianjin D.A.,China
Tic L.E.,United States
Tire A.,United Arab Emirates
Titanic T.L.,United Arab Emirates
Titanit -.A.,United Arab Emirates
Titanium B.A.,United Arab Emirates
Tools P.,United States
Top L.C.,United Arab Emirates
Torrent L.a.,Afghanistan
Total I.,United States
Trane T.,United States
Trans A.G.,Kuwait
Transweld N.P.,Nepal
Transworld L.F.,United Arab Emirates
Treysan P.S.,Turkey
"Tri-west, L.",United States
Trident S.F.,United Arab Emirates
Trikuta I.,India
Triple J.E.,Marshall Islands
Troxler E.L.,United States
Trust D.C.,Afghanistan
Truth l.E.,Afghanistan
Tsang B.C.,United States
Tsi I.F.,United Arab Emirates
Turtle,United States
Tuv S.M.,United Arab Emirates
Tvc U.H.,United Arab Emirates
Twothousand M.C.,China
U.s.embassy K.,Uganda
Uc -.U.,United States
Ul G.,United Arab Emirates
Uline,United States
Ultimate F.I.,United States
Ulusoy E.&.,Turkey
Underground D.I.,United States
Union P.F.,Qatar
Unitech (.K.,Saudi Arabia
Unitech D.P.,Saudi Arabia
United C.&.,Afghanistan
United E.C.,Afghanistan
United M.P.,Afghanistan
United P.C.,Afghanistan
United S.F.,Afghanistan
United T.E.,Afghanistan
Universal D.P.,United Arab Emirates
Universal I.F.,United Arab Emirates
Usg M.E.,United Arab Emirates
Uts C.L.,United Arab Emirates
V-trust I.S.,China
Van D.P.,United States
Vector D.S.,United Arab Emirates
Venco,Turkey
Vents,Ukraine
Venus C.&.,Nepal
Venus C.S.,Nepal
Venus E.&.,Nepal
Veris I.,United States
Vertiv C.,United States
Vexus I.L.,United Arab Emirates
Vince H.C.,United States
Vishal T.L.,Nepal
Vision o.K.,Nepal
Visual P.S.,United Arab Emirates
Voip S.,United States
Vortex,United Arab Emirates
Voyage M.,United Arab Emirates
Vulcan I.L.,United Arab Emirates
Wafrah A.F.,United Arab Emirates
Wahat A.J.,United Arab Emirates
Wall S.G.,United Arab Emirates
Warai E.S.,United States
Warai P.&.,United States
Watecom I.W.,United Arab Emirates
Watercare P.P.,Singapore
Wecare M.T.,United Arab Emirates
Wefal I.E.,Saudi Arabia
Welcome I.,Pakistan
Welkin I.,United Arab Emirates
Well C.C.,India
Welspun G.B.,India
Wesco D.I.,United States
Wesco I.,United States
Westex G.I.,United States
Westside B.M.,United States
White B.,Saudi Arabia
White C.S.,Saudi Arabia
White W.H.,Saudi Arabia
Williams S.I.,United States
Wimpey L.(.,United Arab Emirates
Winters I.,United Arab Emirates
Wissam A.K.,Saudi Arabia
Wms A.,United States
Work A.,United Arab Emirates
World B.G.,United Arab Emirates
World G.E.,United Arab Emirates
Wuxi P.M.,China
X-calibur E.L.,United Arab Emirates
Xylem J.K.,Japan
Yarash C.L.,Afghanistan
Yashel Y.C.,Afghanistan
Ykm I.(.,United Arab Emirates
Ysair H.H.,China
Zacharakis G.,Greece
Zadran G.o.,Afghanistan
Zarifopoulos S.,Greece
Zero T.C.,China
Zero T.H.,China
Zhengzhou H.M.,China
Zhengzhou Y.C.,China
Zoeller P.C.,United States
