orderId,mainOrderId,poNumber,groupTotalValueUSD,groupPOCount
RFPO-6705-V40173,6705,RFPO-6705-V40173-1,3124.95,2
RFPO-6705-V40173,6705,RFPO-6705-V40173-2,3124.95,2
RFPO-7139-V40082,7139,RFPO-7139-V40082-1,3124.95,2
RFPO-7139-V40082,7139,RFPO-7139-V40082-2,3124.95,2
RFPO-7139-S9131,7139,RFPO-7139-S9131-1,357648.56,3
RFPO-7139-S9131,7139,RFPO-7139-S9131-2,357648.56,3
RFPO-7139-S9131,7139,RFPO-7139-S9131-3,357648.56,3
RFPO-7139-S9127,7139,RFPO-7139-S9127-1,619744.52,3
RFPO-7139-S9127,7139,RFPO-7139-S9127-2,619744.52,3
RFPO-7139-S9127,7139,RFPO-7139-S9127-3,619744.52,3
RFPO-7139-V40086,7139,RFPO-7139-V40086-1,10050.72,2
RFPO-7139-V40086,7139,RFPO-7139-V40086-2,10050.72,2
RFPO-5532-M4050,5532,RFPO-5532-M4050-1,2619.16,2
RFPO-5532-M4050,5532,RFPO-5532-M4050-2,2619.16,2
RFPO-6705-V40161,6705,RFPO-6705-V40161-1,184338.95,2
RFPO-6705-V40161,6705,RFPO-6705-V40161-2,184338.95,2
RFPO-6705-A5202,6705,RFPO-6705-A5202-1,1017.29,2
RFPO-6705-A5202,6705,RFPO-6705-A5202-2,1017.29,2
RFPO-5829-R1512,5829,RFPO-5829-R1512-1,38665.76,2
RFPO-5829-R1512,5829,RFPO-5829-R1512-2,38665.76,2
RFPO-7139-V40064,7139,RFPO-7139-V40064-1,68088.3,2
RFPO-7139-V40064,7139,RFPO-7139-V40064-2,68088.3,2
RFPO-6705-V40005,6705,RFPO-6705-V40005-1,814559.43,3
RFPO-6705-V40005,6705,RFPO-6705-V40005-2,814559.43,3
RFPO-6705-V40005,6705,RFPO-6705-V40005-3,814559.43,3
RFPO-6705-V4362,6705,RFPO-6705-V4362-1,3345.9,2
RFPO-6705-V4362,6705,RFPO-6705-V4362-2,3345.9,2
RFPO-7139-V40036,7139,RFPO-7139-V40036-1,67346.21,2
RFPO-7139-V40036,7139,RFPO-7139-V40036-2,67346.21,2
RFPO-6705-V40159,6705,RFPO-6705-V40159-1,1414.62,2
RFPO-6705-V40159,6705,RFPO-6705-V40159-2,1414.62,2
RFPO-7616-M4001,7616,RFPO-7616-M4001-1,244648.0,2
RFPO-7616-M4001,7616,RFPO-7616-M4001-2,244648.0,2
RFPO-5829-S9105,5829,RFPO-5829-S9105-1,29952.34,2
RFPO-5829-S9105,5829,RFPO-5829-S9105-2,29952.34,2
RFPO-5532-M4048,5532,RFPO-5532-M4048-1,1559.0,2
RFPO-5532-M4048,5532,RFPO-5532-M4048-2,1559.0,2
RFPO-5532-M4106,5532,RFPO-5532-M4106-1,3188.35,2
RFPO-5532-M4106,5532,RFPO-5532-M4106-2,3188.35,2
RFPO-7039-E6802B,7039,RFPO-7039-E6802B-1,3597445.25,2
RFPO-7039-E6802B,7039,RFPO-7039-E6802B-2,3597445.25,2
RFPO-6705-V40149,6705,RFPO-6705-V40149-1,466418.0,2
RFPO-6705-V40149,6705,RFPO-6705-V40149-2,466418.0,2
RFPO-5503-A5205,5503,RFPO-5503-A5205-1,46260.87,2
RFPO-5503-A5205,5503,RFPO-5503-A5205-2,46260.87,2
RFPO-6705-E6836A,6705,RFPO-6705-E6836A-1,6146.41,2
RFPO-6705-E6836A,6705,RFPO-6705-E6836A-2,6146.41,2
RFPO-1569-O103,1569,RFPO-1569-O103-1,9776.22,3
RFPO-1569-O103,1569,RFPO-1569-O103-2,9776.22,3
RFPO-1569-O103,1569,RFPO-1569-O103-3,9776.22,3
RFPO-6705-V40070,6705,RFPO-6705-V40070-1,5857.24,2
RFPO-6705-V40070,6705,RFPO-6705-V40070-2,5857.24,2
RFPO-6705-E6804,6705,RFPO-6705-E6804-1,245712.32,2
RFPO-6705-E6804,6705,RFPO-6705-E6804-2,245712.32,2
RFPO-6705-V40136,6705,RFPO-6705-V40136-1,4897.11,2
RFPO-6705-V40136,6705,RFPO-6705-V40136-2,4897.11,2
RFPO-6705-M4026,6705,RFPO-6705-M4026-1,102167.46,2
RFPO-6705-M4026,6705,RFPO-6705-M4026-2,102167.46,2
RFPO-7139-V40040,7139,RFPO-7139-V40040-1,9819.98,2
RFPO-7139-V40040,7139,RFPO-7139-V40040-2,9819.98,2
RFPO-7139-S9130,7139,RFPO-7139-S9130-1,213400.0,2
RFPO-7139-S9130,7139,RFPO-7139-S9130-2,213400.0,2
RFPO-6705-V40061,6705,RFPO-6705-V40061-1,15689.84,2
RFPO-6705-V40061,6705,RFPO-6705-V40061-2,15689.84,2
RFPO-6705-V40086,6705,RFPO-6705-V40086-1,37736.42,2
RFPO-6705-V40086,6705,RFPO-6705-V40086-2,37736.42,2
RFPO-6718-V40029,6718,RFPO-6718-V40029-1,136866.91,2
RFPO-6718-V40029,6718,RFPO-6718-V40029-2,136866.91,2
RFPO-6718-V40030,6718,RFPO-6718-V40030-1,28499.15,2
RFPO-6718-V40030,6718,RFPO-6718-V40030-2,28499.15,2
RFPO-6718-V40019,6718,RFPO-6718-V40019-1,9725.1,2
RFPO-6718-V40019,6718,RFPO-6718-V40019-2,9725.1,2
RFPO-1569-V4269,1569,RFPO-1569-V4269-1,21378.75,3
RFPO-1569-V4269,1569,RFPO-1569-V4269-2,21378.75,3
RFPO-1569-V4269,1569,RFPO-1569-V4269-3,21378.75,3
RFPO-1569-14069,1569,RFPO-1569-14069-1,89034.72,3
RFPO-1569-14069,1569,RFPO-1569-14069-2,89034.72,3
RFPO-1569-14069,1569,RFPO-1569-14069-3,89034.72,3
RFPO-7139-V40010A,7139,RFPO-7139-V40010A-1,22088.59,2
RFPO-7139-V40010A,7139,RFPO-7139-V40010A-2,22088.59,2
RFPO-6705-M4101,6705,RFPO-6705-M4101-1,1138767.0,4
RFPO-6705-M4101,6705,RFPO-6705-M4101-2,1138767.0,4
RFPO-6705-M4101,6705,RFPO-6705-M4101-3,1138767.0,4
RFPO-6705-M4101,6705,RFPO-6705-M4101-4,1138767.0,4
RFPO-7039-M4101,7039,RFPO-7039-M4101-1,7549.0,2
RFPO-7039-M4101,7039,RFPO-7039-M4101-2,7549.0,2
RFPO-6705-V40028,6705,RFPO-6705-V40028-1,71427.15,2
RFPO-6705-V40028,6705,RFPO-6705-V40028-2,71427.15,2
RFPO-5532-T1003,5532,RFPO-5532-T1003-1,42190.1,2
RFPO-5532-T1003,5532,RFPO-5532-T1003-2,42190.1,2
RFPO-7098-E6802,7098,RFPO-7098-E6802-1,283139.14,2
RFPO-7098-E6802,7098,RFPO-7098-E6802-2,283139.14,2
RFPO-7139-V40031,7139,RFPO-7139-V40031-1,133438.4,2
RFPO-7139-V40031,7139,RFPO-7139-V40031-3,133438.4,2
RFPO-6705-M4104,6705,RFPO-6705-M4104-1,46850.0,2
RFPO-6705-M4104,6705,RFPO-6705-M4104-2,46850.0,2
RFPO-7139-E6811,7139,RFPO-7139-E6811-1,11200.0,2
RFPO-7139-E6811,7139,RFPO-7139-E6811-2,11200.0,2
RFPO-6705-V40079,6705,RFPO-6705-V40079-1,149811.32,2
RFPO-6705-V40079,6705,RFPO-6705-V40079-2,149811.32,2
RFPO-7039-V40020,7039,RFPO-7039-V40020-1,2980.0,2
RFPO-7039-V40020,7039,RFPO-7039-V40020-2,2980.0,2
RFPO-6705-E6814,6705,RFPO-6705-E6814-1,2439.89,2
RFPO-6705-E6814,6705,RFPO-6705-E6814-2,2439.89,2
RFPO-6705-M4018,6705,RFPO-6705-M4018-1,3647.0,2
RFPO-6705-M4018,6705,RFPO-6705-M4018-2,3647.0,2
RFPO-6705-V40071,6705,RFPO-6705-V40071-1,45275.38,2
RFPO-6705-V40071,6705,RFPO-6705-V40071-2,45275.38,2
RFPO-7139-E6805,7139,RFPO-7139-E6805-1,134742.78,2
RFPO-7139-E6805,7139,RFPO-7139-E6805-2,134742.78,2
RFPO-7414-P4800,7414,RFPO-7414-P4800-1,1605.44,2
RFPO-7414-P4800,7414,RFPO-7414-P4800-2,1605.44,2
RFPO-7139-M4005,7139,RFPO-7139-M4005-1,12440.0,2
RFPO-7139-M4005,7139,RFPO-7139-M4005-2,12440.0,2
RFPO-6705-V40076,6705,RFPO-6705-V40076-1,41659.52,2
RFPO-6705-V40076,6705,RFPO-6705-V40076-2,41659.52,2
RFPO-7139-V40022,7139,RFPO-7139-V40022-1,7298.11,2
RFPO-7139-V40022,7139,RFPO-7139-V40022-2,7298.11,2
RFPO-6705-E6806,6705,RFPO-6705-E6806-1,389515.82,2
RFPO-6705-E6806,6705,RFPO-6705-E6806-2,389515.82,2
RFPO-6705-V40063,6705,RFPO-6705-V40063-1,18006.72,2
RFPO-6705-V40063,6705,RFPO-6705-V40063-3,18006.72,2
RFPO-6705-V40057A,6705,RFPO-6705-V40057A-1,442.5,2
RFPO-6705-V40057A,6705,RFPO-6705-V40057A-2,442.5,2
RFPO-6705-V40048,6705,RFPO-6705-V40048-1,36727.9,2
RFPO-6705-V40048,6705,RFPO-6705-V40048-2,36727.9,2
RFPO-7139-V4351,7139,RFPO-7139-V4351-1,31018.0,2
RFPO-7139-V4351,7139,RFPO-7139-V4351-2,31018.0,2
RFPO-7139-V40002,7139,RFPO-7139-V40002-1,2840.0,2
RFPO-7139-V40002,7139,RFPO-7139-V40002-2,2840.0,2
RFPO-5829-S9103,5829,RFPO-5829-S9103-1,1732.5,2
RFPO-5829-S9103,5829,RFPO-5829-S9103-2,1732.5,2
RFPO-1569-V4421,1569,RFPO-1569-V4421-1,1497.61,2
RFPO-1569-V4421,1569,RFPO-1569-V4421-2,1497.61,2
RFPO-6705-V40021,6705,RFPO-6705-V40021-1,18269.0,2
RFPO-6705-V40021,6705,RFPO-6705-V40021-2,18269.0,2
RFPO-5657-V40016,5657,RFPO-5657-V40016-1,47412.0,2
RFPO-5657-V40016,5657,RFPO-5657-V40016-2,47412.0,2
RFPO-6705-M4008A,6705,RFPO-6705-M4008A-1,401945.2,2
RFPO-6705-M4008A,6705,RFPO-6705-M4008A-2,401945.2,2
RFPO-6705-E6800,6705,RFPO-6705-E6800-1,55320.0,2
RFPO-6705-E6800,6705,RFPO-6705-E6800-2,55320.0,2
RFPO-7204-E6800,7204,RFPO-7204-E6800-1,22465.95,2
RFPO-7204-E6800,7204,RFPO-7204-E6800-2,22465.95,2
RFPO-5532-V40040,5532,RFPO-5532-V40040-1,164571.55,3
RFPO-5532-V40040,5532,RFPO-5532-V40040-2,164571.55,3
RFPO-5532-V40040,5532,RFPO-5532-V40040-3,164571.55,3
RFPO-5532-V40041,5532,RFPO-5532-V40041-1,54850.5,3
RFPO-5532-V40041,5532,RFPO-5532-V40041-2,54850.5,3
RFPO-5532-V40041,5532,RFPO-5532-V40041-3,54850.5,3
RFPO-5532-M4024,5532,RFPO-5532-M4024-1,558398.0,2
RFPO-5532-M4024,5532,RFPO-5532-M4024-2,558398.0,2
RFPO-6705-V40017,6705,RFPO-6705-V40017-1,48633.33,2
RFPO-6705-V40017,6705,RFPO-6705-V40017-2,48633.33,2
RFPO-6746-V40002,6746,RFPO-6746-V40002-1,6816.72,2
RFPO-6746-V40002,6746,RFPO-6746-V40002-2,6816.72,2
RFPO-5695-M4103,5695,RFPO-5695-M4103-1,11263.0,2
RFPO-5695-M4103,5695,RFPO-5695-M4103-2,11263.0,2
RFPO-5532-V40039,5532,RFPO-5532-V40039-1,265815.52,3
RFPO-5532-V40039,5532,RFPO-5532-V40039-2,265815.52,3
RFPO-5532-V40039,5532,RFPO-5532-V40039-3,265815.52,3
RFPO-6705-V40007,6705,RFPO-6705-V40007-1,24630.79,2
RFPO-6705-V40007,6705,RFPO-6705-V40007-2,24630.79,2
RFPO-4814-A5212,4814,RFPO-4814-A5212-1,14295.44,2
RFPO-4814-A5212,4814,RFPO-4814-A5212-2,14295.44,2
RFPO-5829-M4103A,5829,RFPO-5829-M4103A-1,76378.49,2
RFPO-5829-M4103A,5829,RFPO-5829-M4103A-2,76378.49,2
RFPO-6746-E6800,6746,RFPO-6746-E6800-1,33344.02,2
RFPO-6746-E6800,6746,RFPO-6746-E6800-2,33344.02,2
RFPO-5193-A5206,5193,RFPO-5193-A5206-1,5448.0,2
RFPO-5193-A5206,5193,RFPO-5193-A5206-2,5448.0,2
RFPO-6542-V40001,6542,RFPO-6542-V40001-1,86874.0,2
RFPO-6542-V40001,6542,RFPO-6542-V40001-2,86874.0,2
RFPO-5532-V4368,5532,RFPO-5532-V4368-2,88100.0,2
RFPO-5532-V4368,5532,RFPO-5532-V4368-3,88100.0,2
RFPO-5829-S9100,5829,RFPO-5829-S9100-1,1091.85,2
RFPO-5829-S9100,5829,RFPO-5829-S9100-2,1091.85,2
RFPO-5532-M4021,5532,RFPO-5532-M4021-1,702717.39,3
RFPO-5532-M4021,5532,RFPO-5532-M4021-2,702717.39,3
RFPO-5532-M4021,5532,RFPO-5532-M4021-3,702717.39,3
RFPO-6542-V40002,6542,RFPO-6542-V40002-1,312.5,2
RFPO-6542-V40002,6542,RFPO-6542-V40002-2,312.5,2
RFPO-1005-V7143,1005,RFPO-1005-V7143-1,236500.0,3
RFPO-1005-V7143,1005,RFPO-1005-V7143-2,236500.0,3
RFPO-1005-V7143,1005,RFPO-1005-V7143-3,236500.0,3
RFPO-1005-E7091,1005,RFPO-1005-E7091-1,7761.6,4
RFPO-1005-E7091,1005,RFPO-1005-E7091-2,7761.6,4
RFPO-1005-E7091,1005,RFPO-1005-E7091-3,7761.6,4
RFPO-1005-E7091,1005,RFPO-1005-E7091-4,7761.6,4
RFPO-5532-M4015,5532,RFPO-5532-M4015-1,1290.96,2
RFPO-5532-M4015,5532,RFPO-5532-M4015-2,1290.96,2
RFPO-5503-V40008A,5503,RFPO-5503-V40008A-1,155606.96,2
RFPO-5503-V40008A,5503,RFPO-5503-V40008A-2,155606.96,2
RFPO-1569-V4413,1569,RFPO-1569-V4413-1,2968.01,2
RFPO-1569-V4413,1569,RFPO-1569-V4413-2,2968.01,2
RFPO-5153-C6054,5153,RFPO-5153-C6054-1,684040.8,3
RFPO-5153-C6054,5153,RFPO-5153-C6054-2,684040.8,3
RFPO-5153-C6054,5153,RFPO-5153-C6054-3,684040.8,3
RFPO-5410-V40002,5410,RFPO-5410-V40002-1,11337.14,2
RFPO-5410-V40002,5410,RFPO-5410-V40002-2,11337.14,2
RFPO-1005-V7127,1005,RFPO-1005-V7127-1,27572.58,2
RFPO-1005-V7127,1005,RFPO-1005-V7127-2,27572.58,2
RFPO-1005-V7151,1005,RFPO-1005-V7151-1,16878.1,2
RFPO-1005-V7151,1005,RFPO-1005-V7151-2,16878.1,2
RFPO-1569-O56,1569,RFPO-1569-O56-1,23784.88,2
RFPO-1569-O56,1569,RFPO-1569-O56-2,23784.88,2
RFPO-1569-O59,1569,RFPO-1569-O59-1,2123.89,2
RFPO-1569-O59,1569,RFPO-1569-O59-2,2123.89,2
RFPO-4814-E6802A,4814,RFPO-4814-E6802A-1,2454.9,2
RFPO-4814-E6802A,4814,RFPO-4814-E6802A-2,2454.9,2
RFPO-1005-V7136,1005,RFPO-1005-V7136-1,18051.74,2
RFPO-1005-V7136,1005,RFPO-1005-V7136-2,18051.74,2
RFPO-5193-E6801,5193,RFPO-5193-E6801-1,38163.3,5
RFPO-5193-E6801,5193,RFPO-5193-E6801-2,38163.3,5
RFPO-5193-E6801,5193,RFPO-5193-E6801-3,38163.3,5
RFPO-5193-E6801,5193,RFPO-5193-E6801-4,38163.3,5
RFPO-5193-E6801,5193,RFPO-5193-E6801-5,38163.3,5
RFPO-1569-O51,1569,RFPO-1569-O51-1,4642.07,2
RFPO-1569-O51,1569,RFPO-1569-O51-2,4642.07,2
RFPO-1005-E7073,1005,RFPO-1005-E7073-1,17059.23,2
RFPO-1005-E7073,1005,RFPO-1005-E7073-2,17059.23,2
RFPO-5193-A5204,5193,RFPO-5193-A5204-1,94940.79,3
RFPO-5193-A5204,5193,RFPO-5193-A5204-2,94940.79,3
RFPO-5193-A5204,5193,RFPO-5193-A5204-3,94940.79,3
RFPO-5503-M4101,5503,RFPO-5503-M4101-1,124304.34,2
RFPO-5503-M4101,5503,RFPO-5503-M4101-2,124304.34,2
RFPO-1428-V4355,1428,RFPO-1428-V4355-1,1307.01,2
RFPO-1428-V4355,1428,RFPO-1428-V4355-2,1307.01,2
RFPO-4814-M4105,4814,RFPO-4814-M4105-1,628278.82,5
RFPO-4814-M4105,4814,RFPO-4814-M4105-2,628278.82,5
RFPO-4814-M4105,4814,RFPO-4814-M4105-3,628278.82,5
RFPO-4814-M4105,4814,RFPO-4814-M4105-4,628278.82,5
RFPO-4814-M4105,4814,RFPO-4814-M4105-5,628278.82,5
RFPO-5829-M4102,5829,RFPO-5829-M4102-1,699795.78,2
RFPO-5829-M4102,5829,RFPO-5829-M4102-2,699795.78,2
RFPO-1005-V7107,1005,RFPO-1005-V7107-1,13502.4,2
RFPO-1005-V7107,1005,RFPO-1005-V7107-2,13502.4,2
RFPO-1005-M7075,1005,RFPO-1005-M7075-1,632.22,2
RFPO-1005-M7075,1005,RFPO-1005-M7075-2,632.22,2
RFPO-1005-V7085,1005,RFPO-1005-V7085-1,1142.87,2
RFPO-1005-V7085,1005,RFPO-1005-V7085-2,1142.87,2
RFPO-1005-V7078,1005,RFPO-1005-V7078-1,9156.77,2
RFPO-1005-V7078,1005,RFPO-1005-V7078-2,9156.77,2
RFPO-1005-V7072,1005,RFPO-1005-V7072-1,22982.25,2
RFPO-1005-V7072,1005,RFPO-1005-V7072-2,22982.25,2
RFPO-4814-V40004,4814,RFPO-4814-V40004-1,871.34,2
RFPO-4814-V40004,4814,RFPO-4814-V40004-2,871.34,2
RFPO-1005-M7064,1005,RFPO-1005-M7064-1,17539.2,2
RFPO-1005-M7064,1005,RFPO-1005-M7064-2,17539.2,2
RFPO-1005-V7053,1005,RFPO-1005-V7053-1,13967.01,2
RFPO-1005-V7053,1005,RFPO-1005-V7053-2,13967.01,2
PO-1005-V7049,1005,PO-1005-V7049-1,2878.4,2
PO-1005-V7049,1005,PO-1005-V7049-2,2878.4,2
RFPO-1005-V7048,1005,RFPO-1005-V7048-1,25141.34,2
RFPO-1005-V7048,1005,RFPO-1005-V7048-2,25141.34,2
RFPO-1569-O39,1569,RFPO-1569-O39-1,2918.99,3
RFPO-1569-O39,1569,RFPO-1569-O39-2,2918.99,3
RFPO-1569-O39,1569,RFPO-1569-O39-3,2918.99,3
RFPO-5193-A5201,5193,RFPO-5193-A5201-1,69612.0,2
RFPO-5193-A5201,5193,RFPO-5193-A5201-2,69612.0,2
RFPO-4814-E6800,4814,RFPO-4814-E6800-1,171306.31,2
RFPO-4814-E6800,4814,RFPO-4814-E6800-2,171306.31,2
RFPO-1569-S9074,1569,RFPO-1569-S9074-1,23907.42,3
RFPO-1569-S9074,1569,RFPO-1569-S9074-2,23907.42,3
RFPO-1569-S9074,1569,RFPO-1569-S9074-3,23907.42,3
RFPO-5503-O1,5503,RFPO-5503-O1-1,5001.06,2
RFPO-5503-O1,5503,RFPO-5503-O1-2,5001.06,2
RFPO-5213-S9082,5213,RFPO-5213-S9082-1,592173.33,2
RFPO-5213-S9082,5213,RFPO-5213-S9082-2,592173.33,2
RFPO-3742-V4261,3742,RFPO-3742-V4261-1,8059.81,4
RFPO-3742-V4261,3742,RFPO-3742-V4261-2,8059.81,4
RFPO-3742-V4261,3742,RFPO-3742-V4261-3,8059.81,4
RFPO-3742-V4261,3742,RFPO-3742-V4261-4,8059.81,4
RFPO-3742-V4255,3742,RFPO-3742-V4255-1,1553786.56,3
RFPO-3742-V4255,3742,RFPO-3742-V4255-2,1553786.56,3
RFPO-3742-V4255,3742,RFPO-3742-V4255-3,1553786.56,3
RFPO-3734-V4257A,3734,RFPO-3734-V4257A-1,292101.36,3
RFPO-3734-V4257A,3734,RFPO-3734-V4257A-2,292101.36,3
RFPO-3734-V4257A,3734,RFPO-3734-V4257A-3,292101.36,3
RFPO-3734-V4353,3734,RFPO-3734-V4353-1,18186.81,2
RFPO-3734-V4353,3734,RFPO-3734-V4353-2,18186.81,2
RFPO-1192-V4431,1192,RFPO-1192-V4431-1,46520.0,2
RFPO-1192-V4431,1192,RFPO-1192-V4431-2,46520.0,2
RFPO-3734-V4351,3734,RFPO-3734-V4351-1,115055.36,3
RFPO-3734-V4351,3734,RFPO-3734-V4351-2,115055.36,3
RFPO-3734-V4351,3734,RFPO-3734-V4351-3,115055.36,3
RFPO-3742-V4252,3742,RFPO-3742-V4252-1,3143000.0,2
RFPO-3742-V4252,3742,RFPO-3742-V4252-2,3143000.0,2
RFPO-3742-V4256A,3742,RFPO-3742-V4256A-1,1315162.81,2
RFPO-3742-V4256A,3742,RFPO-3742-V4256A-2,1315162.81,2
RFPO-1569-S9002,1569,RFPO-1569-S9002-1,776.04,2
RFPO-1569-S9002,1569,RFPO-1569-S9002-2,776.04,2
PO-1005-E7030,1005,PO-1005-E7030-1,102450.0,3
PO-1005-E7030,1005,PO-1005-E7030-2,102450.0,3
PO-1005-E7030,1005,PO-1005-E7030-3,102450.0,3
RFPO-3734-A5202,3734,RFPO-3734-A5202-1,179134.06,2
RFPO-3734-A5202,3734,RFPO-3734-A5202-2,179134.06,2
PO-1005-E7029,1005,PO-1005-E7029-1,64760.0,3
PO-1005-E7029,1005,PO-1005-E7029-2,64760.0,3
PO-1005-E7029,1005,PO-1005-E7029-3,64760.0,3
RFPO-3734-V4258,3734,RFPO-3734-V4258-1,102780.49,2
RFPO-3734-V4258,3734,RFPO-3734-V4258-2,102780.49,2
PO-1005-E7032,1005,PO-1005-E7032-1,44111.64,2
PO-1005-E7032,1005,PO-1005-E7032-2,44111.64,2
PO-1005-E7019,1005,PO-1005-E7019-1,45432.83,2
PO-1005-E7019,1005,PO-1005-E7019-2,45432.83,2
PO-1005-E7011,1005,PO-1005-E7011-2,19532.34,4
PO-1005-E7011,1005,PO-1005-E7011-3,19532.34,4
PO-1005-E7011,1005,PO-1005-E7011-4,19532.34,4
PO-1005-E7011,1005,PO-1005-E7011-5,19532.34,4
PO-1005-E7005,1005,PO-1005-E7005-1,137490.0,4
PO-1005-E7005,1005,PO-1005-E7005-2,137490.0,4
PO-1005-E7005,1005,PO-1005-E7005-3,137490.0,4
PO-1005-E7005,1005,PO-1005-E7005-4,137490.0,4
PO-1005-V7004,1005,PO-1005-V7004-1,5924.58,2
PO-1005-V7004,1005,PO-1005-V7004-2,5924.58,2
RFPO-2569-V4252,2569,RFPO-2569-V4252-1,11000.0,2
RFPO-2569-V4252,2569,RFPO-2569-V4252-2,11000.0,2
PO-1005-V4466,1005,PO-1005-V4466-1,32554.95,2
PO-1005-V4466,1005,PO-1005-V4466-2,32554.95,2
PO-1428-M4101,1428,PO-1428-M4101-1,49180.2,2
PO-1428-M4101,1428,PO-1428-M4101-2,49180.2,2
RFPO-2532-E6801,2532,RFPO-2532-E6801-1,5426.35,2
RFPO-2532-E6801,2532,RFPO-2532-E6801-2,5426.35,2
PO-1005-S9043,1005,PO-1005-S9043-1,8573.91,4
PO-1005-S9043,1005,PO-1005-S9043-2,8573.91,4
PO-1005-S9043,1005,PO-1005-S9043-3,8573.91,4
PO-1005-S9043,1005,PO-1005-S9043-4,8573.91,4
RFPO-1005-A5204,1005,RFPO-1005-A5204-1,130140.39,2
RFPO-1005-A5204,1005,RFPO-1005-A5204-2,130140.39,2
RFPO-2394-T1000,2394,RFPO-2394-T1000-1,1272.98,3
RFPO-2394-T1000,2394,RFPO-2394-T1000-2,1272.98,3
RFPO-2394-T1000,2394,RFPO-2394-T1000-3,1272.98,3
RFPO-982-A5201,982,RFPO-982-A5201-1,139441.8,2
RFPO-982-A5201,982,RFPO-982-A5201-2,139441.8,2
PO-1005-E6995,1005,PO-1005-E6995-1,33434.1,2
PO-1005-E6995,1005,PO-1005-E6995-2,33434.1,2
PO-1005-E6991,1005,PO-1005-E6991-1,5102.98,2
PO-1005-E6991,1005,PO-1005-E6991-2,5102.98,2
PO-1094-S9089,1094,PO-1094-S9089-1,14502.75,4
PO-1094-S9089,1094,PO-1094-S9089-2,14502.75,4
PO-1094-S9089,1094,PO-1094-S9089-3,14502.75,4
PO-1094-S9089,1094,PO-1094-S9089-4,14502.75,4
RFPO-1581-M4101,1581,RFPO-1581-M4101-1,100374.44,2
RFPO-1581-M4101,1581,RFPO-1581-M4101-2,100374.44,2
RFPO-982-S9091,982,RFPO-982-S9091-1,890.11,2
RFPO-982-S9091,982,RFPO-982-S9091-2,890.11,2
PO-1094-S9091,1094,PO-1094-S9091-1,4968.59,2
PO-1094-S9091,1094,PO-1094-S9091-2,4968.59,2
PO-1094-S9090,1094,PO-1094-S9090-1,1640.66,4
PO-1094-S9090,1094,PO-1094-S9090-2,1640.66,4
PO-1094-S9090,1094,PO-1094-S9090-3,1640.66,4
PO-1094-S9090,1094,PO-1094-S9090-4,1640.66,4
PO-1005-V6971,1005,PO-1005-V6971-1,41090.0,4
PO-1005-V6971,1005,PO-1005-V6971-2,41090.0,4
PO-1005-V6971,1005,PO-1005-V6971-3,41090.0,4
PO-1005-V6971,1005,PO-1005-V6971-4,41090.0,4
RFPO-637-V6856,637,RFPO-637-V6856-1,2586.6,2
RFPO-637-V6856,637,RFPO-637-V6856-2,2586.6,2
PO-1569-V4251,1569,PO-1569-V4251-1,106739.28,3
PO-1569-V4251,1569,PO-1569-V4251-2,106739.28,3
PO-1569-V4251,1569,PO-1569-V4251-3,106739.28,3
PO-1005-E6981,1005,PO-1005-E6981-1,627.54,2
PO-1005-E6981,1005,PO-1005-E6981-2,627.54,2
PO-1005-M6995,1005,PO-1005-M6995-1,16228.73,2
PO-1005-M6995,1005,PO-1005-M6995-2,16228.73,2
RFPO-637-A5310,637,RFPO-637-A5310-1,716.0,2
RFPO-637-A5310,637,RFPO-637-A5310-2,716.0,2
PO-1005-C6013,1005,PO-1005-C6013-1,103032.68,6
PO-1005-C6013,1005,PO-1005-C6013-2,103032.68,6
PO-1005-C6013,1005,PO-1005-C6013-3,103032.68,6
PO-1005-C6013,1005,PO-1005-C6013-4,103032.68,6
PO-1005-C6013,1005,PO-1005-C6013-5,103032.68,6
PO-1005-C6013,1005,PO-1005-C6013-6,103032.68,6
RFPO-1192-C6051A,1192,RFPO-1192-C6051A-1,87843.16,2
RFPO-1192-C6051A,1192,RFPO-1192-C6051A-2,87843.16,2
PO-1192-C6000,1192,PO-1192-C6000-1,60869.3,4
PO-1192-C6000,1192,PO-1192-C6000-2,60869.3,4
PO-1192-C6000,1192,PO-1192-C6000-3,60869.3,4
PO-1192-C6000,1192,PO-1192-C6000-4,60869.3,4
PO-1005-E6965,1005,PO-1005-E6965-1,74430.68,2
PO-1005-E6965,1005,PO-1005-E6965-2,74430.68,2
RFPO-637-A5305,637,RFPO-637-A5305-1,3686.76,2
RFPO-637-A5305,637,RFPO-637-A5305-2,3686.76,2
PO-1005-V6873,1005,PO-1005-V6873-1,956682.46,2
PO-1005-V6873,1005,PO-1005-V6873-2,956682.46,2
PO-1005-E6948,1005,PO-1005-E6948-1,36073.25,2
PO-1005-E6948,1005,PO-1005-E6948-2,36073.25,2
RFPO-637-V6826,637,RFPO-637-V6826-1,47174.4,2
RFPO-637-V6826,637,RFPO-637-V6826-2,47174.4,2
RFPO-781-V4252,781,RFPO-781-V4252-1,6864.82,2
RFPO-781-V4252,781,RFPO-781-V4252-2,6864.82,2
PO-1005-V6863,1005,PO-1005-V6863-1,268656.72,3
PO-1005-V6863,1005,PO-1005-V6863-2,268656.72,3
PO-1005-V6863,1005,PO-1005-V6863-3,268656.72,3
PO-1005-A5306,1005,PO-1005-A5306-1,39419.17,4
PO-1005-A5306,1005,PO-1005-A5306-2,39419.17,4
PO-1005-A5306,1005,PO-1005-A5306-3,39419.17,4
PO-1005-A5306,1005,PO-1005-A5306-4,39419.17,4
RFPO-637-V4261,637,RFPO-637-V4261-1,6015.44,2
RFPO-637-V4261,637,RFPO-637-V4261-2,6015.44,2
RFPO-637-S9101,637,RFPO-637-S9101-1,137358.3,2
RFPO-637-S9101,637,RFPO-637-S9101-2,137358.3,2
PO-1005-M4001,1005,PO-1005-M4001-1,3672.62,2
PO-1005-M4001,1005,PO-1005-M4001-2,3672.62,2
PO-1005-M4102,1005,PO-1005-M4102-1,45037.51,3
PO-1005-M4102,1005,PO-1005-M4102-2,45037.51,3
PO-1005-M4102,1005,PO-1005-M4102-3,45037.51,3
PO-1005-V6840,1005,PO-1005-V6840-1,19177.5,2
PO-1005-V6840,1005,PO-1005-V6840-2,19177.5,2
PO-1005-T1004,1005,PO-1005-T1004-1,1965.96,2
PO-1005-T1004,1005,PO-1005-T1004-2,1965.96,2
RFPO-982-1590A,982,RFPO-982-1590A-1,19319779.18,2
RFPO-982-1590A,982,RFPO-982-1590A-2,19319779.18,2
RFPO-497-1484,497,RFPO-497-1484-1,5645.6,2
RFPO-497-1484,497,RFPO-497-1484-2,5645.6,2
PO-315-1534,315,PO-315-1534-1,4042.77,3
PO-315-1534,315,PO-315-1534-2,4042.77,3
PO-315-1534,315,PO-315-1534-3,4042.77,3
RFPO-637-1260,637,RFPO-637-1260-1,5162395.14,3
RFPO-637-1260,637,RFPO-637-1260-2,5162395.14,3
RFPO-637-1260,637,RFPO-637-1260-3,5162395.14,3
PO-315-1518,315,PO-315-1518-1,1395.8,2
PO-315-1518,315,PO-315-1518-2,1395.8,2
PO-315-1515,315,PO-315-1515-1,536.42,2
PO-315-1515,315,PO-315-1515-2,536.42,2
PO-315-1510,315,PO-315-1510-1,9708.76,2
PO-315-1510,315,PO-315-1510-2,9708.76,2
PO-215-1456,215,PO-215-1456-1,672.11,2
PO-215-1456,215,PO-215-1456-2,672.11,2
PO-913-513,913,PO-913-513-1,200000.27,2
PO-913-513,913,PO-913-513-3,200000.27,2
PO-613-335,613,PO-613-335-1,177417.29,2
PO-613-335,613,PO-613-335-2,177417.29,2
PO-913-516,913,PO-913-516-1,0.0,2
PO-913-516,913,PO-913-516-2,0.0,2
RFPO-1013-544,1013,RFPO-1013-544-1,18774.8,2
RFPO-1013-544,1013,RFPO-1013-544-4,18774.8,2
PO-813-454,813,PO-813-454-2,99415.48,5
PO-813-454,813,PO-813-454-3,99415.48,5
PO-813-454,813,PO-813-454-4,99415.48,5
PO-813-454,813,PO-813-454-5,99415.48,5
PO-813-454,813,PO-813-454-6,99415.48,5
PO-812-40,812,PO-812-40-1,107586.9,2
PO-812-40,812,PO-812-40-2,107586.9,2
